<?xml version="1.0" encoding="utf-8" ?> 
<metadata>
	<idinfo>
		<citation>
			<citeinfo>
				<origin>City of Portland</origin>
				<pubdate>1990</pubdate>
				<title>Regional Streets Dataset</title>
			</citeinfo>
		</citation>
		<descript>
			<abstract>Street centerline network for the City of Portland, Multnomah County, Clark County and Washington County. This dataset does not yet include the data fields and structure necessary for performing routing operations.</abstract>
			<purpose>Provides a base for addressing, street maintenance planning and tracking for street segments in the City of Portland. Displays the transportation infrastructure for the region including the City of Portland.</purpose>
			<supplinf>streets_pdx.lyr; </supplinf>
		</descript>
		<timeperd>
			<timeinfo>
				<sngdate>
					<caldate>Current</caldate>
					<updatedate>2013-09-01 22:18:39.0</updatedate>
				</sngdate>
			</timeinfo>
			<current>Ground condition</current>
		</timeperd>
		<status>
			<progress>Complete</progress>
			<update>Weekly</update>
		</status>
  
		<keywords>
			<theme>
				<themekt> </themekt>
        
				<themekey>Streets</themekey>
				<themekey>Centerline</themekey>
			</theme>
			<place>
				<placekt> </placekt>
        
					<placekey>Portland</placekey>
					<placekey>Multnomah County</placekey>
					<placekey>Washington County</placekey>
					<placekey>Clackamas County</placekey>
					<placekey>Oregon</placekey>
			</place>
		</keywords>
		<accconst>None</accconst>
		<useconst>These data are distributed uner the terms of the City of Portland Data Distribution Policy.</useconst>
  
	</idinfo>
	
	<dataqual>
		<posacc>
			<horizpa>
				<horizpar>
				Registered to tax lots. Street center lines were digitized from aerial orthophotography at +/- 10 feet accuracy. Tax lots were fit to the street centerlines. Beaverton, Oregon City and Tigard planning areas were improved to +/- 5 feet accuracy. Multnomah County was created with coordinate geometry using better control. 
				</horizpar>
			</horizpa>
		</posacc>
		<lineage>
		
			<procstep>
				<procdesc> Acquired street linework and annotation from Oregon Department of Transportation.  This was digitized from 7 1/2 minutes USGS quad sheets.</procdesc>
				<procdate>1988
				</procdate>
			</procstep>
		
			<procstep>
				<procdesc> Replaced linework with newly digitized line work which "fell within" the street rights-of-way from the tax lot layer.  Attributes were transfered from the U.S. Census Bureau TIGER file.  Street names and address ranges were updated using paper maps collected from the three counties.  Thomas Brothers Mapping was the primary contractor.</procdesc>
				<procdate>1991
				</procdate>
			</procstep>
		
			<procstep>
				<procdesc> The dataset was originally created by modifying the 1990 TIGER Census Centerline dataset to match the Oregon Department of Transporation (ODOT) maps.</procdesc>
				<procdate>1991
				</procdate>
			</procstep>
		
			<procstep>
				<procdesc> We deleted types 1600, 1900, 2100, 2200, 3100, 3210, 3220.  Streets are no longer shown on the Clark County side of the river. Contact Clark County for detailed street information.</procdesc>
				<procdate>199804
				</procdate>
			</procstep>
		
			<procstep>
				<procdesc> This layer was reprojected to the NAD83/91 projection (also known as HPGN) as part of a conversion of all RLIS map layers.</procdesc>
				<procdate>199807
				</procdate>
			</procstep>
		
			<procstep>
				<procdesc> Projection information (.prj file), compatible with ArcGIS 8.1, was added to the layer.</procdesc>
				<procdate>20010715
				</procdate>
			</procstep>
		
			<procstep>
				<procdesc> Add XML metadata compatible with ArcCatalog 8.1</procdesc>
				<procdate>20011031
				</procdate>
			</procstep>
		
			<procstep>
				<procdesc> QC street name, addresse, city and zipcodes using E-911 CAD materials for Clackamas County (complete 20020901) and Washington County (complete 20021031).</procdesc>
				<procdate>20021031
				</procdate>
			</procstep>
		
			<procstep>
				<procdesc> Hillsboro streets positional accuracy was improved. Streets were snapped to local planimetric data with a +/- 1' tolerance. The City of Hillsboro now maintains their subarea and supplies the data to Metro on a weekly basis.</procdesc>
				<procdate>20031024
				</procdate>
			</procstep>
		
			<procstep>
				<procdesc> The City of Portland receives updates of the Regional Street Network on a quarterly basis.  These updates are written to the regional dataset to update the segments that are not maitained by the City of Portland.</procdesc>
				<procdate>2004
				</procdate>
			</procstep>
		
			<procstep>
				<procdesc> The City of Portland maintains and updates the segments in and around the City of Portland (there is approximately a 1mi buffer around the City of Portland that is maintained by the City) on a weekly basis.</procdesc>
				<procdate>200407
				</procdate>
			</procstep>
		
		</lineage>
	</dataqual>

	<spdoinfo>
		<direct></direct>
		<ptvctinf>
			<sdtsterm>
				<sdtstype> Line</sdtstype>
			</sdtsterm>
			<rastinfo>
				<rasttype>Pixel</rasttype>
			</rastinfo>
		</ptvctinf>
	</spdoinfo>

	<spref>
		<horizsys>
			<planar>
				<gridsys>
					<gridsysn>State plane coordinate system 1983(91).</gridsysn>
					<spcs>
						<spcszone>5076</spcszone>
					</spcs>
				</gridsys>
				<planci>
					<plandu>International feet</plandu>
				</planci>
			</planar>
			<geodetic>
				<horizdn>North American Datum of 1983/1991 (HPGN)</horizdn>
			</geodetic>
		</horizsys>
	</spref>


	<eainfo>
		<detailed>
			<enttyp>
				<enttypl>streets_pdx</enttypl>
				<enttypd>Regional Street Network Line Attributes.</enttypd>
			</enttyp>
			<attr>
				<attrlabl>FID</attrlabl>
				<attrdef>Feature ID</attrdef>
			</attr>
			<attr>
				<attrlabl>Shape</attrlabl>
				<attrdef>Column containing the shape geometry</attrdef>
			</attr>
			<attr>
				<attrlabl>Length</attrlabl>
				<attrdef>Software Calculated length of the street segment.</attrdef>

			</attr>
			
			<attr>
				<attrlabl>LocalID</attrlabl>
				<attrdef>The Jurisdiction Specific Identification Number for the segment.  This ID is used to coordinate editing the dataset with other regional jurisdictions.</attrdef>

			</attr>
			
			<attr>
				<attrlabl>Zero</attrlabl>
				<attrdef>Indicates whether the addresses along the segment begin with a zero (i.e.: 0321 SW Main St.).</attrdef>

				<attrdomv>

					<edom>
						<edomv>0</edomv>
						<edomvd>No Leading Zero</edomvd>
					</edom>
					<edom>
						<edomv>1</edomv>
						<edomvd>Contains Leading Zero.</edomvd>
					</edom>
				</attrdomv>
			</attr>
			
			<attr>
				<attrlabl>Prefix</attrlabl>
				<attrdef>The Street Name Prefix for the segment (i.e.: N, NE, NW, S, SE, SW).</attrdef>

				<attrdomv>

					<edom>
						<edomv>N</edomv>
						<edomvd>North</edomvd>
					</edom>
					<edom>
						<edomv>S</edomv>
						<edomvd>South</edomvd>
					</edom>
					<edom>
						<edomv>E</edomv>
						<edomvd>East</edomvd>
					</edom>
					<edom>
						<edomv>W</edomv>
						<edomvd>West</edomvd>
					</edom>
					<edom>
						<edomv>NE</edomv>
						<edomvd>NorthEast</edomvd>
					</edom>
					<edom>
						<edomv>NW</edomv>
						<edomvd>NorthWest</edomvd>
					</edom>
					<edom>
						<edomv>SE</edomv>
						<edomvd>Southeast</edomvd>
					</edom>
					<edom>
						<edomv>SW</edomv>
						<edomvd>Southwest</edomvd>
					</edom>
				</attrdomv>
			</attr>
			
			<attr>
				<attrlabl>StreetName</attrlabl>
				<attrdef>The recorded name of the street segment.</attrdef>

			</attr>
			
			<attr>
				<attrlabl>FType</attrlabl>
				<attrdef>Street segment feature type (i.e.: Ave, Blvd, St, etc.).</attrdef>

			</attr>
			
			<attr>
				<attrlabl>Direction</attrlabl>
				<attrdef>Direction of traffic travel on the street segment (if not bi-directional).</attrdef>

				<attrdomv>

					<edom>
						<edomv>NB</edomv>
						<edomvd>North Bound</edomvd>
					</edom>
					<edom>
						<edomv>SB</edomv>
						<edomvd>South Bound</edomvd>
					</edom>
					<edom>
						<edomv>EB</edomv>
						<edomvd>East Bound</edomvd>
					</edom>
					<edom>
						<edomv>WB</edomv>
						<edomvd>West Bound</edomvd>
					</edom>
				</attrdomv>
			</attr>
			
			<attr>
				<attrlabl>LeftAdd1</attrlabl>
				<attrdef>Beginning value of the address range on the left side of the street segment.</attrdef>

			</attr>
			
			<attr>
				<attrlabl>LeftAdd2</attrlabl>
				<attrdef>Ending value of the address range on the left side of the street segment.</attrdef>

			</attr>
			
			<attr>
				<attrlabl>RGTAdd1</attrlabl>
				<attrdef>Beginning value of the address range on the right side of the street segment.</attrdef>

			</attr>
			
			<attr>
				<attrlabl>RGTAdd2</attrlabl>
				<attrdef>Ending value of the address range on the right side of the street segment.</attrdef>

			</attr>
			
			<attr>
				<attrlabl>LeftZip</attrlabl>
				<attrdef>The Zip Code value to the left side of the street segment.</attrdef>

			</attr>
			
			<attr>
				<attrlabl>RightZip</attrlabl>
				<attrdef>The Zip Code value to the right side of the street segment.</attrdef>

			</attr>
			
			<attr>
				<attrlabl>Left_Jur</attrlabl>
				<attrdef>The jurisdication to the left of the street segment.</attrdef>

			</attr>
			
			<attr>
				<attrlabl>type</attrlabl>
				<attrdef>Street Classification.  To be replaced by CFCC</attrdef>

				<attrdomv>

					<edom>
						<edomv>1110</edomv>
						<edomvd>Freeway (Default Freeway Code)</edomvd>
					</edom>
					<edom>
						<edomv>1120</edomv>
						<edomvd>Ramps, Interchanges and Feeders</edomvd>
					</edom>
					<edom>
						<edomv>1121</edomv>
						<edomvd>On-Ramp (Freeway/Highway to Freeway/Highway)</edomvd>
					</edom>
					<edom>
						<edomv>1122</edomv>
						<edomvd>Off-Ramp (Freeway/Highway to Freeway/Highway)</edomvd>
					</edom>
					<edom>
						<edomv>1123</edomv>
						<edomvd>On and Off Ramp (Freeway/Highway to Freeway/Highway)</edomvd>
					</edom>
					<edom>
						<edomv>1200</edomv>
						<edomvd>Highway</edomvd>
					</edom>
					<edom>
						<edomv>1221</edomv>
						<edomvd>Local Street to Freeway/Highway On-Ramp</edomvd>
					</edom>
					<edom>
						<edomv>1222</edomv>
						<edomvd>Freeway/Highway to Local Street Off-Ramp</edomvd>
					</edom>
					<edom>
						<edomv>1223</edomv>
						<edomvd>Freeway/Highway to Local Street On and Off-Ramp</edomvd>
					</edom>
					<edom>
						<edomv>1300</edomv>
						<edomvd>Primary (Arterial)</edomvd>
					</edom>
					<edom>
						<edomv>1400</edomv>
						<edomvd>Secondary (Residential Collector)</edomvd>
					</edom>
					<edom>
						<edomv>1450</edomv>
						<edomvd>Major Residential</edomvd>
					</edom>
					<edom>
						<edomv>1500</edomv>
						<edomvd>Minor Residential (Unclassified)</edomvd>
					</edom>
					<edom>
						<edomv>1521</edomv>
						<edomvd>Local Street to Local Street Connector</edomvd>
					</edom>
					<edom>
						<edomv>1700</edomv>
						<edomvd>Private Named Road</edomvd>
					</edom>
					<edom>
						<edomv>1740</edomv>
						<edomvd>Private Road with Valid Address Range and Street Name</edomvd>
					</edom>
					<edom>
						<edomv>1750</edomv>
						<edomvd>Private Road with NO Valid Address Range or Street Name</edomvd>
					</edom>
					<edom>
						<edomv>1800</edomv>
						<edomvd>Driveways and Private Unnamed Roads</edomvd>
					</edom>
					<edom>
						<edomv>1950</edomv>
						<edomvd>Unimproved Rights-of-Way in the Development Process (Usually Addressed, will be Active Soon)</edomvd>
					</edom>
					<edom>
						<edomv>5201</edomv>
						<edomvd>Highway with Rapid Transit</edomvd>
					</edom>
					<edom>
						<edomv>5401</edomv>
						<edomvd>Secondary with Rapid Transit</edomvd>
					</edom>
					<edom>
						<edomv>5500</edomv>
						<edomvd>Minor with Railroad</edomvd>
					</edom>
					<edom>
						<edomv>5501</edomv>
						<edomvd>Minor with Rapid Transit</edomvd>
					</edom>
					<edom>
						<edomv>9000</edomv>
						<edomvd>Forest Service Road</edomvd>
					</edom>
				</attrdomv>
			</attr>
			
			<attr>
				<attrlabl>LCounty</attrlabl>
				<attrdef>The County Name to the left side of the street segment.</attrdef>

			</attr>
			
			<attr>
				<attrlabl>RCounty</attrlabl>
				<attrdef>The County Name to the right side of the street segment.</attrdef>

			</attr>
			
			<attr>
				<attrlabl>LCity</attrlabl>
				<attrdef>The City Name to the left side of the street segment.</attrdef>

			</attr>
			
			<attr>
				<attrlabl>RCity</attrlabl>
				<attrdef>The City Name to the right side of the street segment.</attrdef>

			</attr>
			
			<attr>
				<attrlabl>Suffix</attrlabl>
				<attrdef>Suffix value to be included in the name of a street segment.  Usually used on highway and interstate segments to indicate the direction of traffic flow.</attrdef>

			</attr>
			
			<attr>
				<attrlabl>Full_Name</attrlabl>
				<attrdef>A combination of the "Prefix", "StreetName", "FType" and "Suffix" values to produce a full name for the street segment.</attrdef>

			</attr>
			
			<attr>
				<attrlabl>Side</attrlabl>
				<attrdef>Address Side.  Indicates whether addresses are found on both sides of the street segment, one side of the street segment or neither side of the street segment.</attrdef>

				<attrdomv>

					<edom>
						<edomv>0</edomv>
						<edomvd>Addresses on both sides of the street segment.</edomvd>
					</edom>
					<edom>
						<edomv>1</edomv>
						<edomvd>Addresses on the right side of the street segment. Street segment side is determined by moving along the segment in the direction of address value increase.</edomvd>
					</edom>
					<edom>
						<edomv>2</edomv>
						<edomvd>Addresses on the left side of the street segment. Street segment side is determined by moving along the segment in the direction of address value increase.</edomvd>
					</edom>
					<edom>
						<edomv>3</edomv>
						<edomvd>Addresses do not exist on either side of the street segment.</edomvd>
					</edom>
				</attrdomv>
			</attr>
			
			<attr>
				<attrlabl>Source</attrlabl>
				<attrdef>The original source document for the street segment.</attrdef>

			</attr>
			
			<attr>
				<attrlabl>CFCC</attrlabl>
				<attrdef>The Census Feature Class Code value for the street segment.</attrdef>

				<attrdomv>

					<edom>
						<edomv>A31</edomv>
						<edomvd>Secondary, unseparated</edomvd>
					</edom>
					<edom>
						<edomv>A33</edomv>
						<edomvd>NEW Secondary w/ MAX, unseparated</edomvd>
					</edom>
					<edom>
						<edomv>A34</edomv>
						<edomvd>Secondary w/ RR, unseparated</edomvd>
					</edom>
					<edom>
						<edomv>H40</edomv>
						<edomvd>Water reservoir</edomvd>
					</edom>
					<edom>
						<edomv>A35</edomv>
						<edomvd>Secondary, separated</edomvd>
					</edom>
					<edom>
						<edomv>A37</edomv>
						<edomvd>NEW Secondary, w/ MAX, separated</edomvd>
					</edom>
					<edom>
						<edomv>A38</edomv>
						<edomvd>Secondary w/ RR, separated</edomvd>
					</edom>
					<edom>
						<edomv>A41</edomv>
						<edomvd>Local, unseparated</edomvd>
					</edom>
					<edom>
						<edomv>A43</edomv>
						<edomvd>NEW Local w/ MAX, unseparated</edomvd>
					</edom>
					<edom>
						<edomv>A44</edomv>
						<edomvd>Local w/ RR, unseparated</edomvd>
					</edom>
					<edom>
						<edomv>A45</edomv>
						<edomvd>Local, separated</edomvd>
					</edom>
					<edom>
						<edomv>A47</edomv>
						<edomvd>NEW Local, w/ MAX, separated</edomvd>
					</edom>
					<edom>
						<edomv>A48</edomv>
						<edomvd>Local w/ RR, separated</edomvd>
					</edom>
					<edom>
						<edomv>A51</edomv>
						<edomvd>Vehicular trail, unseparated</edomvd>
					</edom>
					<edom>
						<edomv>A61</edomv>
						<edomvd>Cul-de-sac</edomvd>
					</edom>
					<edom>
						<edomv>A62</edomv>
						<edomvd>Traffic circle</edomvd>
					</edom>
					<edom>
						<edomv>A63</edomv>
						<edomvd>Access ramp</edomvd>
					</edom>
					<edom>
						<edomv>A64</edomv>
						<edomvd>Service drive, frontage road</edomvd>
					</edom>
					<edom>
						<edomv>A71</edomv>
						<edomvd>Walkway or pedestrian trail</edomvd>
					</edom>
					<edom>
						<edomv>A72</edomv>
						<edomvd>Stairway or pedestrian stepped road</edomvd>
					</edom>
					<edom>
						<edomv>A73</edomv>
						<edomvd>Alleys</edomvd>
					</edom>
					<edom>
						<edomv>A74</edomv>
						<edomvd>Driveways, private service roads</edomvd>
					</edom>
					<edom>
						<edomv>A75</edomv>
						<edomvd>NEW - Bicycle trails</edomvd>
					</edom>
					<edom>
						<edomv>B01</edomv>
						<edomvd>Railroad track - general</edomvd>
					</edom>
					<edom>
						<edomv>B51</edomv>
						<edomvd>Light rail</edomvd>
					</edom>
					<edom>
						<edomv>C10</edomv>
						<edomvd>Pipeline</edomvd>
					</edom>
					<edom>
						<edomv>C20</edomv>
						<edomvd>Power transmission line</edomvd>
					</edom>
					<edom>
						<edomv>F10</edomv>
						<edomvd>Nonvisible jurisdiction boundary</edomvd>
					</edom>
					<edom>
						<edomv>F30</edomv>
						<edomvd>Point-to-point line between features</edomvd>
					</edom>
					<edom>
						<edomv>F40</edomv>
						<edomvd>Property line</edomvd>
					</edom>
					<edom>
						<edomv>F50</edomv>
						<edomvd>Zip Code boundary</edomvd>
					</edom>
					<edom>
						<edomv>F72</edomv>
						<edomvd>1990 Statistical boundary</edomvd>
					</edom>
					<edom>
						<edomv>H10</edomv>
						<edomvd>Stream</edomvd>
					</edom>
					<edom>
						<edomv>H20</edomv>
						<edomvd>Canal, ditch</edomvd>
					</edom>
					<edom>
						<edomv>H30</edomv>
						<edomvd>Lake or pond</edomvd>
					</edom>
				</attrdomv>
			</attr>
			
			<attr>
				<attrlabl>Subarea</attrlabl>
				<attrdef>The jurisdiction responsible for maintenance of the street segment.</attrdef>

				<attrdomv>

					<edom>
						<edomv>P</edomv>
						<edomvd>Portland</edomvd>
					</edom>
					<edom>
						<edomv>M</edomv>
						<edomvd>Multnomah County</edomvd>
					</edom>
					<edom>
						<edomv>C</edomv>
						<edomvd>Clackamas County</edomvd>
					</edom>
					<edom>
						<edomv>W</edomv>
						<edomvd>Washington County</edomvd>
					</edom>
				</attrdomv>
			</attr>
			
			<attr>
				<attrlabl>Struc_Type</attrlabl>
				<attrdef>The basic type of structure related to the street segment.</attrdef>

				<attrdomv>

					<edom>
						<edomv>0</edomv>
						<edomvd>No information</edomvd>
					</edom>
					<edom>
						<edomv>10</edomv>
						<edomvd>At grade, no structure</edomvd>
					</edom>
					<edom>
						<edomv>23</edomv>
						<edomvd>Bridge; Structure over water</edomvd>
					</edom>
					<edom>
						<edomv>21</edomv>
						<edomvd>Overpass; a structure over grade level</edomvd>
					</edom>
					<edom>
						<edomv>32</edomv>
						<edomvd>Tunnel; Structure under land</edomvd>
					</edom>
				</attrdomv>
			</attr>
			
			<attr>
				<attrlabl>Left_Jur</attrlabl>
				<attrdef>The jurisdication to the left of the street segment.</attrdef>

			</attr>
			
			<attr>
				<attrlabl>Right_Jur</attrlabl>
				<attrdef>The jurisdiction name to the right of the street segment. Street segment side is determined by moving along the segment in the direction of address value increase.</attrdef>

			</attr>
			
			<attr>
				<attrlabl>Pri_NM_ID</attrlabl>
				<attrdef>The primary street name id to tie the name of the street segment to the address database.</attrdef>

			</attr>
			
			<attr>
				<attrlabl>LFT_NM_ID</attrlabl>
				<attrdef>The street name id to the left side of the street segment. to tie the name of the street segment to the address database.  Street segment side is determined by moving along the segment in the direction of address value increase.</attrdef>

			</attr>
			
			<attr>
				<attrlabl>RGT_NM_ID</attrlabl>
				<attrdef>The street name id to the right side of the street segment. to tie the name of the street segment to the address database.  Street segment side is determined by moving along the segment in the direction of address value increase.</attrdef>

			</attr>
			
			<attr>
				<attrlabl>BTM_Seg_ID</attrlabl>
				<attrdef>The identification number used for the street segment in the Bureau of Transportation Management.</attrdef>

			</attr>
			
			<attr>
				<attrlabl>PDX_F_Node</attrlabl>
				<attrdef>The Portland ID for the node at the beginning of the street segment.  Street segment side begining and end corresponds to the lowest and highest value of the address along the segment respectively.</attrdef>

			</attr>
			
			<attr>
				<attrlabl>PDX_T_Node</attrlabl>
				<attrdef>The Portland ID for the node at the end of the street segment.  Street segment side begining and end corresponds to the lowest and highest value of the address along the segment respectively.</attrdef>

			</attr>
			
			<attr>
				<attrlabl>upd_date</attrlabl>
				<attrdef></attrdef>

			</attr>
			
			<attr>
				<attrlabl>create_dat</attrlabl>
				<attrdef></attrdef>

			</attr>
			
			<attr>
				<attrlabl>OBJECTID</attrlabl>
				<attrdef></attrdef>

			</attr>
			
			<attr>
				<attrlabl>F_ZLEV</attrlabl>
				<attrdef></attrdef>

			</attr>
			
			<attr>
				<attrlabl>T_ZLEV</attrlabl>
				<attrdef></attrdef>

			</attr>
			
		</detailed>

	</eainfo>

	<distinfo>
		<distrib>
			<cntinfo>
				<cntorgp>
					<cntorg>City of Portland - BTS/CGIS</cntorg>
				</cntorgp>
				<cntaddr>
					<address>1120 SW Fifth Avenue, Suite #450</address>
					<city>Portland</city>
					<state>OR</state>
					<postal>97204</postal>
				</cntaddr>
				<cntvoice>503 823-5632</cntvoice>
				<cntfax>503 823-9176</cntfax>
				<cntemail>CGIS@portlandoregon.gov</cntemail>
			</cntinfo>
		</distrib>
		<distliab>The information in this file was derived from digital databases on the City of Portland GIS. Care was taken in the creation of this file. The City  cannot accept any responsibility for errors, omissions, or positional accuracy.  There are no warranties, expressed or implied.</distliab>
		<stdorder>
			<digform>
				<digtinfo>
					<formname>Shapefile  - Cost Recovery fee will be charged for conversion.</formname>
					<transize></transize>
				</digtinfo>
				
				<digtopt>
					<offoptn>
						<offmedia>CD-ROM</offmedia>
						<recfrmt> ISO9660 (DOS, Unix or Macintosh)</recfrmt>
					</offoptn>
				</digtopt>
				
				<digtopt>
					<onlinopt>
						<computer>
							<networka>
								<networkr>www.portlandonline.com</networkr>
							</networka>
						</computer>
						<accinstr> The City of Portland can place the data on a CD upon request.  In most cases, a fee will be charged for data reproduction and preparation.  Call 503-823-5632 or e-mail cgis@ci.portland.or.us for instructions.</accinstr>
					</onlinopt>
				</digtopt>
				
			</digform>
			
			<fees></fees>
		</stdorder>
	</distinfo>

	<metainfo>
		<metd>20130901</metd>
		<metc>
			<cntinfo>
				<cntorgp>
					<cntorg>Metro Data Resource Center</cntorg>
					<cntper>Mitch Vanderperren</cntper>
				</cntorgp>
				<cntaddr>
					<addrtype>mailing and physical address</addrtype>
					<address>600 NE Grand Ave.</address>
					<city>Portland</city>
					<state>OR</state>
					<postal>97232</postal>
				</cntaddr>
				<cntvoice>503 823-5632</cntvoice>
				<cntfax>503 823-5194</cntfax>
				<cntemail>Mitch.Vanderperren@portlandoregon.gov</cntemail>
			</cntinfo>
		</metc>
		<metstdn>FGDC Content Standards for Digital Geospatial Metadata</metstdn>
		<metstdv> 19940608</metstdv>
	</metainfo>
</metadata> 
</td></td></td></th></th></th></tr></tr></tr></table></table></table></a></abbrev></acronym></address></applet></au></b></banner></big></blink></blockquote></bq></caption></center></cite></code></comment></del></dfn></dir></div></div></dl></em></fig></fn></font></form></frame></frameset></h1></h2></h3></h4></h5></h6></head>; </ins></kbd></listing></map></marquee></menu></multicol></nobr></noframes></noscript></note></ol></p></param></person></plaintext></pre></q></s></samp></script></select></small></strike></strong></sub></sup></table></td></textarea></th></title></tr></tt></u></ul></var></wbr></xmp>
<style type="text/css">
.cfdebug
{
	color:black; 
	background-color:white; 
	font-family:"Times New Roman", Times, serif; 
	font-size:small
}

.cfdebuglge
{
	color:black; 
	background-color:white; 
	font-family:"Times New Roman", Times, serif; 
	font-size:medium;
}

a.cfdebuglink {color:blue; background-color:white }
</style>
<table class="cfdebug" bgcolor="white">
<tr>
	<td>

		<p class="cfdebug"><hr/>
		<b class="cfdebuglge"><a name="cfdebug_top">Debugging Information</a></b>
		<table class="cfdebug">
		<tr>
			<td class="cfdebug" nowrap>ColdFusion Server Enterprise</td>
			<td class="cfdebug">9,0,1,274733</td>
		</tr>
		<tr>
			<td class="cfdebug" nowrap> Template </td>
			<td class="cfdebug">/cgis/metadata/editor/xmlout.cfm</td>
		</tr>
		<tr>
			<td class="cfdebug" nowrap> Time Stamp </td>
			<td class="cfdebug">03-Sep-13 06:01 PM</td>
		</tr>
		<tr>
			<td class="cfdebug" nowrap> Locale </td>
			<td class="cfdebug">English (US)</td>
		</tr>
		<tr>
			<td class="cfdebug" nowrap> User Agent </td>
			<td class="cfdebug">ColdFusion</td>
		</tr>
		<tr>
			<td class="cfdebug" nowrap> Remote IP </td>
			<td class="cfdebug">127.0.0.1</td>
		</tr>
		<tr>
			<td class="cfdebug" nowrap> Host Name </td>
			<td class="cfdebug">127.0.0.1</td>
		</tr>
		</table>
		</p>
		
			<style type="text/css">
            .template
            {	color: black; 
            	font-family: "Times New Roman", Times, serif; 
            	font-weight: normal; }
            .template_overage
            {	color: red; 
            	background-color: white; 
            	font-family: "Times New Roman", Times, serif; 
            	font-weight: bold; }
            </style>
       		<p class="cfdebug"><hr/><b class="cfdebuglge"><a name="cfdebug_execution">Execution Time</a></b></p>
            <a name="cfdebug_templates">
        
                <table border="1" cellpadding="2" cellspacing="0" class="cfdebug">
                <tr>
					<td class="cfdebug" align="center"><b>Total Time</b></td>
					<td class="cfdebug" align="center"><b>Avg Time</b></td>
					<td class="cfdebug" align="center"><b>Count</b></td>
					<td class="cfdebug"><b>Template</b></td>
				</tr>
                
    
                        <tr>
							
    	                        <td align="right" class="cfdebug" nowrap>169 ms</td>
							
                            <td align="right" class="cfdebug" nowrap>169 ms</td>
                            <td align="center" class="cfdebug" nowrap>1</td>
                            <td align="left" class="cfdebug" nowrap><img src='/CFIDE/debug/images/topdoc.gif' alt='top level' border='0'> <b>D:\IISroot\PortlandOnline\cgis\metadata\editor\xmlout.cfm</b></td>
                        </tr>
                        
    
                        <tr>
							
    	                        <td align="right" class="cfdebug" nowrap>0 ms</td>
							
                            <td align="right" class="cfdebug" nowrap>0 ms</td>
                            <td align="center" class="cfdebug" nowrap>1</td>
                            <td align="left" class="cfdebug" nowrap>D&#x3a;&#x2f;IISroot&#x2f;PortlandOnline&#x2f;Application.cfm</td>
                        </tr>
                        
                <tr>
					<td align="right" class="cfdebug" nowrap>; 1 ms; </td><td colspan=2>&nbsp;</td>
                    <td align="left" class="cfdebug">; STARTUP, PARSING, COMPILING, LOADING, &amp; SHUTDOWN; </td>
				</tr>
                <tr>
					<td align="right" class="cfdebug" nowrap>; 170 ms; </td><td colspan=2>&nbsp;</td>
                    <td align="left" class="cfdebug">; TOTAL EXECUTION TIME; </td>
				</tr>
                </table>
                <font color="red"><span class="template_overage">red = over 250 ms average execution time</span></font>
                </a>
            	
		<p class="cfdebug"><hr/><b class="cfdebuglge"><a name="cfdebug_sql">SQL Queries</a></b></p>
		
			<code><b>layer</b> (Datasource=drcrlis, Time=9ms, Records=1) in D:\IISroot\PortlandOnline\cgis\metadata\editor\xmlout.cfm @ 18:01:46.046</code><br />
			<pre>
  SELECT * 
  FROM metadata_layer l, metadata_common c, metadata_contact con
  WHERE l.layer_id = 52057 AND l.common_id = c.common_id AND 
	      l.meta_contact_id = con.meta_contact_id
</pre>
			
			
			<code><b>lineage</b> (Datasource=drcrlis, Time=3ms, Records=11) in D:\IISroot\PortlandOnline\cgis\metadata\editor\xmlout.cfm @ 18:01:46.046</code><br />
			<pre>
  SELECT process_desc,process_date 
  FROM metadata_lineage
  WHERE layer_id = 52057
  ORDER BY process_date
</pre>
			
			
			<code><b>GetTable</b> (Datasource=drcrlis, Time=6ms, Records=1) in D:\IISroot\PortlandOnline\cgis\metadata\editor\xmlout.cfm @ 18:01:46.046</code><br />
			<pre>
  SELECT * 
	FROM
  
      metadata_lay2sdetab lt, metadata_table t
  
  WHERE lt.layer_id = 52057 AND lt.table_id = t.table_id
</pre>
			
			
			<code><b>transfer_on</b> (Datasource=drcrlis, Time=4ms, Records=1) in D:\IISroot\PortlandOnline\cgis\metadata\editor\xmlout.cfm @ 18:01:46.046</code><br />
			<pre>
	SELECT network_resource_name, access_instructions
	FROM metadata_layer l, metadata_transfer_on t
	WHERE layer_id = 52057 AND l.common_id = t.common_id
</pre>
			
			
			<code><b>transfer_off</b> (Datasource=drcrlis, Time=3ms, Records=1) in D:\IISroot\PortlandOnline\cgis\metadata\editor\xmlout.cfm @ 18:01:46.046</code><br />
			<pre>
	SELECT offline_media, recording_format
	FROM metadata_layer l, metadata_transfer_off t
	WHERE layer_id = 52057 AND l.common_id = t.common_id
</pre>
			
			
			<code><b>GetColumn</b> (Datasource=drcrlis, Time=8ms, Records=39) in D:\IISroot\PortlandOnline\cgis\metadata\editor\xmlout.cfm @ 18:01:46.046</code><br />
			<pre>SELECT * FROM metadata_column WHERE table_id = 51978 order by sort</pre>
			
			
			<code><b>GetDomain</b> (Datasource=drcrlis, Time=3ms, Records=0) in D:\IISroot\PortlandOnline\cgis\metadata\editor\xmlout.cfm @ 18:01:46.046</code><br />
			<pre>
	SELECT *
	FROM metadata_domain
	WHERE column_id = 53193 order by sort
</pre>
			
			
			<code><b>GetDomain</b> (Datasource=drcrlis, Time=3ms, Records=0) in D:\IISroot\PortlandOnline\cgis\metadata\editor\xmlout.cfm @ 18:01:46.046</code><br />
			<pre>
	SELECT *
	FROM metadata_domain
	WHERE column_id = 53196 order by sort
</pre>
			
			
			<code><b>GetDomain</b> (Datasource=drcrlis, Time=3ms, Records=2) in D:\IISroot\PortlandOnline\cgis\metadata\editor\xmlout.cfm @ 18:01:46.046</code><br />
			<pre>
	SELECT *
	FROM metadata_domain
	WHERE column_id = 53197 order by sort
</pre>
			
			
			<code><b>GetDomain</b> (Datasource=drcrlis, Time=4ms, Records=8) in D:\IISroot\PortlandOnline\cgis\metadata\editor\xmlout.cfm @ 18:01:46.046</code><br />
			<pre>
	SELECT *
	FROM metadata_domain
	WHERE column_id = 53198 order by sort
</pre>
			
			
			<code><b>GetDomain</b> (Datasource=drcrlis, Time=3ms, Records=0) in D:\IISroot\PortlandOnline\cgis\metadata\editor\xmlout.cfm @ 18:01:46.046</code><br />
			<pre>
	SELECT *
	FROM metadata_domain
	WHERE column_id = 53199 order by sort
</pre>
			
			
			<code><b>GetDomain</b> (Datasource=drcrlis, Time=2ms, Records=0) in D:\IISroot\PortlandOnline\cgis\metadata\editor\xmlout.cfm @ 18:01:46.046</code><br />
			<pre>
	SELECT *
	FROM metadata_domain
	WHERE column_id = 53200 order by sort
</pre>
			
			
			<code><b>GetDomain</b> (Datasource=drcrlis, Time=3ms, Records=4) in D:\IISroot\PortlandOnline\cgis\metadata\editor\xmlout.cfm @ 18:01:46.046</code><br />
			<pre>
	SELECT *
	FROM metadata_domain
	WHERE column_id = 53201 order by sort
</pre>
			
			
			<code><b>GetDomain</b> (Datasource=drcrlis, Time=3ms, Records=0) in D:\IISroot\PortlandOnline\cgis\metadata\editor\xmlout.cfm @ 18:01:46.046</code><br />
			<pre>
	SELECT *
	FROM metadata_domain
	WHERE column_id = 53202 order by sort
</pre>
			
			
			<code><b>GetDomain</b> (Datasource=drcrlis, Time=3ms, Records=0) in D:\IISroot\PortlandOnline\cgis\metadata\editor\xmlout.cfm @ 18:01:46.046</code><br />
			<pre>
	SELECT *
	FROM metadata_domain
	WHERE column_id = 53203 order by sort
</pre>
			
			
			<code><b>GetDomain</b> (Datasource=drcrlis, Time=3ms, Records=0) in D:\IISroot\PortlandOnline\cgis\metadata\editor\xmlout.cfm @ 18:01:46.046</code><br />
			<pre>
	SELECT *
	FROM metadata_domain
	WHERE column_id = 53204 order by sort
</pre>
			
			
			<code><b>GetDomain</b> (Datasource=drcrlis, Time=3ms, Records=0) in D:\IISroot\PortlandOnline\cgis\metadata\editor\xmlout.cfm @ 18:01:46.046</code><br />
			<pre>
	SELECT *
	FROM metadata_domain
	WHERE column_id = 53205 order by sort
</pre>
			
			
			<code><b>GetDomain</b> (Datasource=drcrlis, Time=3ms, Records=0) in D:\IISroot\PortlandOnline\cgis\metadata\editor\xmlout.cfm @ 18:01:46.046</code><br />
			<pre>
	SELECT *
	FROM metadata_domain
	WHERE column_id = 53206 order by sort
</pre>
			
			
			<code><b>GetDomain</b> (Datasource=drcrlis, Time=3ms, Records=0) in D:\IISroot\PortlandOnline\cgis\metadata\editor\xmlout.cfm @ 18:01:46.046</code><br />
			<pre>
	SELECT *
	FROM metadata_domain
	WHERE column_id = 53207 order by sort
</pre>
			
			
			<code><b>GetDomain</b> (Datasource=drcrlis, Time=3ms, Records=0) in D:\IISroot\PortlandOnline\cgis\metadata\editor\xmlout.cfm @ 18:01:46.046</code><br />
			<pre>
	SELECT *
	FROM metadata_domain
	WHERE column_id = 53221 order by sort
</pre>
			
			
			<code><b>GetDomain</b> (Datasource=drcrlis, Time=4ms, Records=24) in D:\IISroot\PortlandOnline\cgis\metadata\editor\xmlout.cfm @ 18:01:46.046</code><br />
			<pre>
	SELECT *
	FROM metadata_domain
	WHERE column_id = 54444 order by sort
</pre>
			
			
			<code><b>GetDomain</b> (Datasource=drcrlis, Time=3ms, Records=0) in D:\IISroot\PortlandOnline\cgis\metadata\editor\xmlout.cfm @ 18:01:46.046</code><br />
			<pre>
	SELECT *
	FROM metadata_domain
	WHERE column_id = 54445 order by sort
</pre>
			
			
			<code><b>GetDomain</b> (Datasource=drcrlis, Time=4ms, Records=0) in D:\IISroot\PortlandOnline\cgis\metadata\editor\xmlout.cfm @ 18:01:46.046</code><br />
			<pre>
	SELECT *
	FROM metadata_domain
	WHERE column_id = 54446 order by sort
</pre>
			
			
			<code><b>GetDomain</b> (Datasource=drcrlis, Time=3ms, Records=0) in D:\IISroot\PortlandOnline\cgis\metadata\editor\xmlout.cfm @ 18:01:46.046</code><br />
			<pre>
	SELECT *
	FROM metadata_domain
	WHERE column_id = 54447 order by sort
</pre>
			
			
			<code><b>GetDomain</b> (Datasource=drcrlis, Time=2ms, Records=0) in D:\IISroot\PortlandOnline\cgis\metadata\editor\xmlout.cfm @ 18:01:46.046</code><br />
			<pre>
	SELECT *
	FROM metadata_domain
	WHERE column_id = 54448 order by sort
</pre>
			
			
			<code><b>GetDomain</b> (Datasource=drcrlis, Time=3ms, Records=0) in D:\IISroot\PortlandOnline\cgis\metadata\editor\xmlout.cfm @ 18:01:46.046</code><br />
			<pre>
	SELECT *
	FROM metadata_domain
	WHERE column_id = 54449 order by sort
</pre>
			
			
			<code><b>GetDomain</b> (Datasource=drcrlis, Time=3ms, Records=0) in D:\IISroot\PortlandOnline\cgis\metadata\editor\xmlout.cfm @ 18:01:46.046</code><br />
			<pre>
	SELECT *
	FROM metadata_domain
	WHERE column_id = 54450 order by sort
</pre>
			
			
			<code><b>GetDomain</b> (Datasource=drcrlis, Time=3ms, Records=4) in D:\IISroot\PortlandOnline\cgis\metadata\editor\xmlout.cfm @ 18:01:46.046</code><br />
			<pre>
	SELECT *
	FROM metadata_domain
	WHERE column_id = 54451 order by sort
</pre>
			
			
			<code><b>GetDomain</b> (Datasource=drcrlis, Time=4ms, Records=0) in D:\IISroot\PortlandOnline\cgis\metadata\editor\xmlout.cfm @ 18:01:46.046</code><br />
			<pre>
	SELECT *
	FROM metadata_domain
	WHERE column_id = 54452 order by sort
</pre>
			
			
			<code><b>GetDomain</b> (Datasource=drcrlis, Time=4ms, Records=35) in D:\IISroot\PortlandOnline\cgis\metadata\editor\xmlout.cfm @ 18:01:46.046</code><br />
			<pre>
	SELECT *
	FROM metadata_domain
	WHERE column_id = 54453 order by sort
</pre>
			
			
			<code><b>GetDomain</b> (Datasource=drcrlis, Time=4ms, Records=4) in D:\IISroot\PortlandOnline\cgis\metadata\editor\xmlout.cfm @ 18:01:46.046</code><br />
			<pre>
	SELECT *
	FROM metadata_domain
	WHERE column_id = 54454 order by sort
</pre>
			
			
			<code><b>GetDomain</b> (Datasource=drcrlis, Time=3ms, Records=5) in D:\IISroot\PortlandOnline\cgis\metadata\editor\xmlout.cfm @ 18:01:46.046</code><br />
			<pre>
	SELECT *
	FROM metadata_domain
	WHERE column_id = 54455 order by sort
</pre>
			
			
			<code><b>GetDomain</b> (Datasource=drcrlis, Time=3ms, Records=0) in D:\IISroot\PortlandOnline\cgis\metadata\editor\xmlout.cfm @ 18:01:46.046</code><br />
			<pre>
	SELECT *
	FROM metadata_domain
	WHERE column_id = 54456 order by sort
</pre>
			
			
			<code><b>GetDomain</b> (Datasource=drcrlis, Time=3ms, Records=0) in D:\IISroot\PortlandOnline\cgis\metadata\editor\xmlout.cfm @ 18:01:46.046</code><br />
			<pre>
	SELECT *
	FROM metadata_domain
	WHERE column_id = 54457 order by sort
</pre>
			
			
			<code><b>GetDomain</b> (Datasource=drcrlis, Time=3ms, Records=0) in D:\IISroot\PortlandOnline\cgis\metadata\editor\xmlout.cfm @ 18:01:46.046</code><br />
			<pre>
	SELECT *
	FROM metadata_domain
	WHERE column_id = 54458 order by sort
</pre>
			
			
			<code><b>GetDomain</b> (Datasource=drcrlis, Time=2ms, Records=0) in D:\IISroot\PortlandOnline\cgis\metadata\editor\xmlout.cfm @ 18:01:46.046</code><br />
			<pre>
	SELECT *
	FROM metadata_domain
	WHERE column_id = 54459 order by sort
</pre>
			
			
			<code><b>GetDomain</b> (Datasource=drcrlis, Time=3ms, Records=0) in D:\IISroot\PortlandOnline\cgis\metadata\editor\xmlout.cfm @ 18:01:46.046</code><br />
			<pre>
	SELECT *
	FROM metadata_domain
	WHERE column_id = 54460 order by sort
</pre>
			
			
			<code><b>GetDomain</b> (Datasource=drcrlis, Time=3ms, Records=0) in D:\IISroot\PortlandOnline\cgis\metadata\editor\xmlout.cfm @ 18:01:46.046</code><br />
			<pre>
	SELECT *
	FROM metadata_domain
	WHERE column_id = 54461 order by sort
</pre>
			
			
			<code><b>GetDomain</b> (Datasource=drcrlis, Time=3ms, Records=0) in D:\IISroot\PortlandOnline\cgis\metadata\editor\xmlout.cfm @ 18:01:46.046</code><br />
			<pre>
	SELECT *
	FROM metadata_domain
	WHERE column_id = 54462 order by sort
</pre>
			
			
			<code><b>GetDomain</b> (Datasource=drcrlis, Time=2ms, Records=0) in D:\IISroot\PortlandOnline\cgis\metadata\editor\xmlout.cfm @ 18:01:46.046</code><br />
			<pre>
	SELECT *
	FROM metadata_domain
	WHERE column_id = 54463 order by sort
</pre>
			
			
			<code><b>GetDomain</b> (Datasource=drcrlis, Time=3ms, Records=0) in D:\IISroot\PortlandOnline\cgis\metadata\editor\xmlout.cfm @ 18:01:46.046</code><br />
			<pre>
	SELECT *
	FROM metadata_domain
	WHERE column_id = 54464 order by sort
</pre>
			
			
			<code><b>GetDomain</b> (Datasource=drcrlis, Time=3ms, Records=0) in D:\IISroot\PortlandOnline\cgis\metadata\editor\xmlout.cfm @ 18:01:46.046</code><br />
			<pre>
	SELECT *
	FROM metadata_domain
	WHERE column_id = 54465 order by sort
</pre>
			
			
			<code><b>GetDomain</b> (Datasource=drcrlis, Time=3ms, Records=0) in D:\IISroot\PortlandOnline\cgis\metadata\editor\xmlout.cfm @ 18:01:46.046</code><br />
			<pre>
	SELECT *
	FROM metadata_domain
	WHERE column_id = 198216 order by sort
</pre>
			
			
			<code><b>GetDomain</b> (Datasource=drcrlis, Time=3ms, Records=0) in D:\IISroot\PortlandOnline\cgis\metadata\editor\xmlout.cfm @ 18:01:46.046</code><br />
			<pre>
	SELECT *
	FROM metadata_domain
	WHERE column_id = 268915 order by sort
</pre>
			
			
			<code><b>GetDomain</b> (Datasource=drcrlis, Time=3ms, Records=0) in D:\IISroot\PortlandOnline\cgis\metadata\editor\xmlout.cfm @ 18:01:46.046</code><br />
			<pre>
	SELECT *
	FROM metadata_domain
	WHERE column_id = 268916 order by sort
</pre>
			
			
<p class="cfdebug"><hr/><b class="cfdebuglge"><a name="cfdebug_scopevars">Scope Variables</a></b></p>


<pre><b>Application Variables:</b>
applicationname=PortlandOnline
</pre>

<pre><b>CGI Variables:</b>
AUTH_PASSWORD=
AUTH_TYPE=
AUTH_USER=
CERT_COOKIE=
CERT_FLAGS=
CERT_ISSUER=
CERT_KEYSIZE=
CERT_SECRETKEYSIZE=
CERT_SERIALNUMBER=
CERT_SERVER_ISSUER=
CERT_SERVER_SUBJECT=
CERT_SUBJECT=
CF_TEMPLATE_PATH=D:\IISroot\PortlandOnline\cgis\metadata\editor\xmlout.cfm
CONTENT_LENGTH=
CONTENT_TYPE=
CONTEXT_PATH=
GATEWAY_INTERFACE=CGI/1.1
HTTPS=off
HTTPS_KEYSIZE=
HTTPS_SECRETKEYSIZE=
HTTPS_SERVER_ISSUER=
HTTPS_SERVER_SUBJECT=
HTTP_ACCEPT=
HTTP_ACCEPT_ENCODING=deflate, gzip, x-gzip, compress, x-compress
HTTP_ACCEPT_LANGUAGE=
HTTP_CONNECTION=close, TE
HTTP_COOKIE=
HTTP_HOST=dev.portlandonline.com
HTTP_REFERER=
HTTP_USER_AGENT=ColdFusion
PATH_INFO=/cgis/metadata/editor/xmlout.cfm
PATH_TRANSLATED=D:\IISroot\PortlandOnline\cgis\metadata\editor\xmlout.cfm
QUERY_STRING=Meta_layer_id=52057&amp;Db_type=sde
REMOTE_ADDR=127.0.0.1
REMOTE_HOST=127.0.0.1
REMOTE_USER=
REQUEST_METHOD=GET
SCRIPT_NAME=/cgis/metadata/editor/xmlout.cfm
SERVER_NAME=dev.portlandonline.com
SERVER_PORT=80
SERVER_PORT_SECURE=0
SERVER_PROTOCOL=HTTP/1.1
SERVER_SOFTWARE=Microsoft-IIS/7.5
WEB_SERVER_API=
</pre>

<pre><b>Request Parameters:</b>
__FusionReactor=Complex type
</pre>

<pre><b>Server Variables:</b>
A0608BEC-0AEB-B46A-0E1E1EC5F3CE7C9C.1.1=Complex type
HOSTNAME=CGISWEBDEV
JAVALOADER=Struct (6)
JERRORREPORTER=Complex type
JOUTPUTSTREAM=Complex type
JSTRINGREADER=Complex type
JSTRINGWRITER=Complex type
JYUIJAVASCRIPTCOMPRESSOR=Complex type
SID=DEV
coldfusion=Struct (9)
os=Struct (5)
</pre>

<pre><b>URL Parameters:</b>
Db_type=sde
Meta_layer_id=52057
</pre>

<font size="-1" class="cfdebug">; Debug Rendering Time: 40 ms; </font><br />

	</td>
</tr>
</table>
