{"layer_id":53499,"title":"zoning_lines_pdx","output_geodatabase":"EGH_PUBLIC","feature_dataset_name":"zoning_lines_pdx","feature_class_name":"zoning_lines_pdx","category_id":99,"bureau_id":9,"contact_id":50099,"common_id":"","db_type_id":50003,"originator":"City of Portland","resource_url":"","abstract":"","purpose":"","supplemental_information":"","last_update_date":"2013-09-27 14:50:00.0","source_last_update_date":"2014-12-31 04:06:28.0","maint_update_frequency":"Unknown","extent":"Clackamas County, Multnomah County, and Washington County, Oregon","data_type":"Vector","shape_type":"zoning_lines_pdx","feature_count":25044,"raster_object_type":"","row_count":0,"column_count":0,"coordinate_resolution":"","metadata_date":"2014-12-31 00:00:00.0","theme_keyword":"","place_keyword":"Portland, Multnomah County, Washington County, Clackamas County, Oregon","horizontal_pos_acc_link":"Taxlots","ext_flag":"E","publication_date":"","access_constraints":"None","use_constraints":"These data are distributed uner the terms of the City of Portland Data Distribution Policy.  To review the Data Distribution Agreement, please visit http:\/\/Portland Data Distribution Policy.","progress":"Complete                                ","north_bounding_coordinate":46.08065859    ,"south_bounding_coordinate":44.85462409    ,"east_bounding_coordinate":-121.65053671  ,"west_bounding_coordinate":-123.47121656  ,"horizontal_pos_accuracy":"","theme_keyword_thesaurus":"None                                    ","place_keyword_thesaurus":"None                                    ","source_dataset_type":"Shapefile","file_path":"","source_server_name":"","source_instance":"","source_database_name":"","source_feature_dataset_name":"","source_feature_class_name":"","source_user_name":"","source_password":"","category":"Unspecified","grid_coord_system_name":"","planar_distance_units":"","horizontal_datum_name":"","distribution_liability":"","format_name":"","online_network_resource_name":"","online_access_instructions":"","offline_media":"","offline_recording_format":"","transfer_size":"","spcs_zone_identifier":"","contact_name":"City of PDX","contact_phone":"503-823-4000","contact_fax":"503-823-4000","contact_email":"CityInfo@portlandoregon.gov","contact_organization":"City of Portland","contact_address":"1120 SW Fifth Avenue","contact_city":"Portland","contact_state":"OR","contact_zipcode":97201,"org_phone":"503 823-7700","org_fax":"503-823-7800","org_email":"bps@portlandoregon.gov","db_type":"SDE","bureau":"Bureau of Planning and Sustainability","bureau_desc":"BPS","lineage":[],"files":[{"file_id":1046,"file_name":"53499.png","file_type":"image\/png","file_desc":"","file_size":259553,"sort":"","emptybottomsort":1,"file_url":"http:\/\/dev.portlandmaps.com\/metadata\/index.cfm?action=DisplayFile&FileID=1046"}],"tables":[{"layer_table_xref_id":4681,"layer_id":53499,"table_id":52022,"table_name":"zoning_lines_pdx","table_desc":"","table_jurisdiction":"","columns":[{"column_id":307937,"table_id":52022,"column_name":"FNODE_","column_desc":"","column_length":4,"column_type_id":3,"sort":1,"column_type":"Integer","emptybottomsort":0},{"column_id":307938,"table_id":52022,"column_name":"TNODE_","column_desc":"","column_length":4,"column_type_id":3,"sort":1,"column_type":"Integer","emptybottomsort":0},{"column_id":307939,"table_id":52022,"column_name":"LPOLY_","column_desc":"","column_length":4,"column_type_id":3,"sort":1,"column_type":"Integer","emptybottomsort":0},{"column_id":307940,"table_id":52022,"column_name":"RPOLY_","column_desc":"","column_length":4,"column_type_id":3,"sort":1,"column_type":"Integer","emptybottomsort":0},{"column_id":307941,"table_id":52022,"column_name":"LENGTH","column_desc":"","column_length":8,"column_type_id":2,"sort":1,"column_type":"Numeric","emptybottomsort":0},{"column_id":307942,"table_id":52022,"column_name":"CMP_","column_desc":"","column_length":4,"column_type_id":3,"sort":1,"column_type":"Integer","emptybottomsort":0},{"column_id":307943,"table_id":52022,"column_name":"CMP_ID","column_desc":"","column_length":4,"column_type_id":3,"sort":1,"column_type":"Integer","emptybottomsort":0}]}]}
