{"layer_id":52098,"title":"Zoning (Polygons)","output_geodatabase":"EGH_PUBLIC","feature_dataset_name":"zoning_pdx","feature_class_name":"zoning_pdx","category_id":50038,"bureau_id":9,"contact_id":50100,"common_id":50010,"db_type_id":50003,"originator":"City of Portland","resource_url":"","abstract":"Current zoning for the City of Portland and unincorporated portions of Multnomah County that are administered by the city. Includes zoning designations, comprehensive plan designations, overlay zones, as well as plan, historic, and conservation districts. Districts are also available separately.","purpose":"Used for producing official zoning maps and for land use analysis.","supplemental_information":"For a complete description of all zoning categories used in this layer, refer to: http:\/\/www.portlandoregon.gov\/bps\/36238","last_update_date":"2013-11-14 10:05:24.0","source_last_update_date":"2014-12-31 04:06:30.0","maint_update_frequency":"As needed","extent":"Clackamas County, Multnomah County, and Washington County, Oregon","data_type":"Vector","shape_type":"Polygon","feature_count":7622,"raster_object_type":"Grid cell","row_count":0,"column_count":0,"coordinate_resolution":"","metadata_date":"2014-12-31 00:00:00.0","theme_keyword":"zoning, overlay, comprehensive plan, comp plan","place_keyword":"Portland, Multnomah County, Washington County, Clackamas County, Oregon","horizontal_pos_acc_link":"Taxlots","ext_flag":"E","publication_date":"1996-01-01 00:00:00.0","access_constraints":"None","use_constraints":"These data are distributed under the terms of the City of Portland Data Distribution Policy. Care was taken in the creation of this data but it is provided \"as is\". The City of Portland cannot accept any responsibility for error, omissions, or positional accuracy.","progress":"Complete                                ","north_bounding_coordinate":46.08065859    ,"south_bounding_coordinate":44.85462409    ,"east_bounding_coordinate":-121.65053671  ,"west_bounding_coordinate":-123.47121656  ,"horizontal_pos_accuracy":"Registered to taxlots. Known issues in some portions of Multnomah County where taxlot mapping has been revised.","theme_keyword_thesaurus":"None                                    ","place_keyword_thesaurus":"None                                    ","source_dataset_type":"Shapefile","file_path":"","source_server_name":"","source_instance":"","source_database_name":"","source_feature_dataset_name":"","source_feature_class_name":"","source_user_name":"","source_password":"","category":"Zoning","grid_coord_system_name":"State plane coordinate system 1983(91).","planar_distance_units":"International feet       ","horizontal_datum_name":"North American Datum of 1983\/1991 (HPGN)","distribution_liability":"The information in this file was derived from digital databases on the City of Portland GIS.  Care was taken in the creation of this file. The City cannot accept any responsibility for errors, omissions, or positional accuracy. There are no warranties, expressed or implied.\r\n\t\t\t\t","format_name":"Shapefile - Data will be provided via City of Portland FTP Site.","online_network_resource_name":"","online_access_instructions":"http:\/\/www.portlandoregon.gov\/bts\/60510","offline_media":"CD-ROM","offline_recording_format":"ISO9660 (DOS, Unix or Macintosh)","transfer_size":"8Mb","spcs_zone_identifier":5076,"contact_name":"Kevin Martin","contact_phone":"503 823-7710","contact_fax":"503 823-7800","contact_email":"kevin.martin@portlandoregon.gov","contact_organization":"City of Portland - BPS","contact_address":"1900 SW 4th Avenue, Suite #7100","contact_city":"Portland","contact_state":"OR","contact_zipcode":97201,"org_phone":"503 823-7700","org_fax":"503 823-7800","org_email":"bps@portlandoregon.gov","db_type":"SDE","bureau":"Bureau of Planning and Sustainability","bureau_desc":"BPS","lineage":[],"files":[{"file_id":167,"file_name":"52098.png","file_type":"image\/png","file_desc":"","file_size":176851,"sort":"","emptybottomsort":1,"file_url":"http:\/\/dev.portlandmaps.com\/metadata\/index.cfm?action=DisplayFile&FileID=167"}],"tables":[{"layer_table_xref_id":126,"layer_id":52098,"table_id":52023,"table_name":"zoning_pdx","table_desc":"","table_jurisdiction":"","columns":[{"column_id":54476,"table_id":52023,"column_name":"PERIMETER","column_desc":"The perimeter (in feet) of the zoning polygon","column_length":8,"column_type_id":2,"sort":1,"column_type":"Numeric","emptybottomsort":0},{"column_id":54477,"table_id":52023,"column_name":"CMP_","column_desc":"A unique ID used by GIS software","column_length":4,"column_type_id":3,"sort":1,"column_type":"Integer","emptybottomsort":0},{"column_id":54478,"table_id":52023,"column_name":"CMP_ID","column_desc":"A unique ID used by GIS software","column_length":4,"column_type_id":3,"sort":1,"column_type":"Integer","emptybottomsort":0},{"column_id":54479,"table_id":52023,"column_name":"TMPZONE","column_desc":"A combination of all zoning information for this location as a text string; used for labeling polygons","column_length":16,"column_type_id":1,"sort":1,"column_type":"String","emptybottomsort":0},{"column_id":54480,"table_id":52023,"column_name":"ZONE","column_desc":"The base zone","column_length":14,"column_type_id":1,"sort":1,"column_type":"String","emptybottomsort":0},{"column_id":54481,"table_id":52023,"column_name":"CMP","column_desc":"The comprehensive plan designation","column_length":6,"column_type_id":1,"sort":1,"column_type":"String","emptybottomsort":0},{"column_id":54482,"table_id":52023,"column_name":"OVRLY","column_desc":"The base zoning overlays","column_length":12,"column_type_id":1,"sort":1,"column_type":"String","emptybottomsort":0},{"column_id":54483,"table_id":52023,"column_name":"CMPOVR","column_desc":"The comprehensive plan overlays","column_length":12,"column_type_id":1,"sort":1,"column_type":"String","emptybottomsort":0},{"column_id":54484,"table_id":52023,"column_name":"PLDIST","column_desc":"The plan district","column_length":4,"column_type_id":1,"sort":1,"column_type":"String","emptybottomsort":0},{"column_id":54485,"table_id":52023,"column_name":"HIST","column_desc":"The historic district","column_length":2,"column_type_id":1,"sort":1,"column_type":"String","emptybottomsort":0},{"column_id":54486,"table_id":52023,"column_name":"CONSV","column_desc":"The conservation district","column_length":2,"column_type_id":1,"sort":1,"column_type":"String","emptybottomsort":0},{"column_id":54487,"table_id":52023,"column_name":"NRMP","column_desc":"The \"Natural Resource Management Plan\" area","column_length":2,"column_type_id":1,"sort":1,"column_type":"String","emptybottomsort":0},{"column_id":54488,"table_id":52023,"column_name":"UPDATE_","column_desc":"The date of the last modification to the zoning polygon","column_length":36,"column_type_id":4,"sort":1,"column_type":"Date","emptybottomsort":0},{"column_id":54489,"table_id":52023,"column_name":"UNINC","column_desc":"\"Y\" indicates the area is within an unincorporated county pocket","column_length":1,"column_type_id":1,"sort":1,"column_type":"String","emptybottomsort":0},{"column_id":259143,"table_id":52023,"column_name":"OBJECTID","column_desc":"Unique ID generated by GIS software","column_length":8,"column_type_id":2,"sort":1,"column_type":"Numeric","emptybottomsort":0}]}]}
