{"layer_id":53500,"title":"zoning_anno_pdx","output_geodatabase":"EGH_PUBLIC","feature_dataset_name":"Stand-Alone","item_name":"zoning_anno_pdx","category_id":99,"bureau_id":9,"contact_id":50099,"common_id":50010,"db_type_id":50003,"originator":"City of Portland","resource_url":"","abstract":"","purpose":"","supplemental_information":"","last_update_date":"2013-09-26 15:57:00.0","source_last_update_date":"2015-01-15 16:34:28.0","maint_update_frequency":"Unknown","extent":"Clackamas County, Multnomah County, and Washington County, Oregon","data_type":"Vector","shape_type":"zoning_anno_pdx","feature_count":14795,"raster_object_type":"","row_count":0,"column_count":0,"coordinate_resolution":"","metadata_date":"2015-01-16 00:00:00.0","theme_keyword":"","place_keyword":"Portland, Multnomah County, Washington County, Clackamas County, Oregon","horizontal_pos_acc_link":"Taxlots","ext_flag":"E","publication_date":"","access_constraints":"None","use_constraints":"These data are distributed uner the terms of the City of Portland Data Distribution Policy.  To review the Data Distribution Agreement, please visit http:\/\/Portland Data Distribution Policy.","progress":"Complete                                ","north_bounding_coordinate":46.08065859    ,"south_bounding_coordinate":44.85462409    ,"east_bounding_coordinate":-121.65053671  ,"west_bounding_coordinate":-123.47121656  ,"horizontal_pos_accuracy":"","theme_keyword_thesaurus":"None                                    ","place_keyword_thesaurus":"None                                    ","source_dataset_type":"File Geodatabase","file_path":"","source_server_name":"","source_instance":"","source_database_name":"","source_feature_dataset_name":"","source_feature_class_name":"","source_user_name":"","source_password":"","category":"Unspecified","grid_coord_system_name":"State plane coordinate system 1983(91).","planar_distance_units":"International feet       ","horizontal_datum_name":"North American Datum of 1983\/1991 (HPGN)","distribution_liability":"The information in this file was derived from digital databases on the City of Portland GIS.  Care was taken in the creation of this file. The City cannot accept any responsibility for errors, omissions, or positional accuracy. There are no warranties, expressed or implied.","format_name":"Shapefile or File Geodatabase Feature Class - Data will be provided via City of Portland FTP Site.","online_network_resource_name":"http:\/\/CivicApps.org","online_access_instructions":"City of Portland Public\/Open Data is distributed via the CivicApps Site - http:\/\/CivicApps.org.  Data not available on the CivicApps site can be requested by contacting the City of Portland CGIS Group - maps@portlandoregon.gov","offline_media":"","offline_recording_format":"","transfer_size":"varies","spcs_zone_identifier":5076,"contact_name":"City of PDX","contact_phone":"503-823-4000","contact_fax":"503-823-4000","contact_email":"cgis@portlandoregon.gov","contact_organization":"City of Portland","contact_address":"1120 SW Fifth Avenue","contact_city":"Portland","contact_state":"OR","contact_zipcode":97201,"org_phone":"503 823-7700","org_fax":"503-823-7800","org_email":"cgis@portlandoregon.gov","db_type":"SDE","bureau":"Bureau of Planning and Sustainability","bureau_desc":"BPS","lineage":[],"files":[{"file_id":1047,"file_name":"53500.png","file_type":"image\/png","file_desc":"","file_size":327397,"sort":"","emptybottomsort":1,"file_url":"http:\/\/dev.portlandmaps.com\/metadata\/index.cfm?action=DisplayFile&FileID=1047"}],"tables":[{"layer_table_xref_id":4688,"layer_id":53500,"table_id":52020,"table_name":"zoning_anno_pdx","table_desc":"","table_jurisdiction":"","columns":[{"column_id":308005,"table_id":52020,"column_name":"FeatureID","column_alias":"","column_desc":"","column_length":4,"column_type_id":3,"sort":1,"column_type":"Integer","emptybottomsort":0},{"column_id":308006,"table_id":52020,"column_name":"ZOrder","column_alias":"","column_desc":"","column_length":4,"column_type_id":3,"sort":1,"column_type":"Integer","emptybottomsort":0},{"column_id":308007,"table_id":52020,"column_name":"AnnotationClassID","column_alias":"","column_desc":"","column_length":4,"column_type_id":3,"sort":1,"column_type":"Integer","emptybottomsort":0},{"column_id":308008,"table_id":52020,"column_name":"Element","column_alias":"","column_desc":"","column_length":0,"column_type_id":6,"sort":1,"column_type":"Blob","emptybottomsort":0},{"column_id":308009,"table_id":52020,"column_name":"SymbolID","column_alias":"","column_desc":"","column_length":4,"column_type_id":3,"sort":1,"column_type":"Integer","emptybottomsort":0},{"column_id":308010,"table_id":52020,"column_name":"Status","column_alias":"","column_desc":"","column_length":2,"column_type_id":3,"sort":1,"column_type":"Integer","emptybottomsort":0},{"column_id":308011,"table_id":52020,"column_name":"TextString","column_alias":"","column_desc":"","column_length":255,"column_type_id":1,"sort":1,"column_type":"String","emptybottomsort":0},{"column_id":308012,"table_id":52020,"column_name":"FontName","column_alias":"","column_desc":"","column_length":255,"column_type_id":1,"sort":1,"column_type":"String","emptybottomsort":0},{"column_id":308013,"table_id":52020,"column_name":"FontSize","column_alias":"","column_desc":"","column_length":8,"column_type_id":2,"sort":1,"column_type":"Numeric","emptybottomsort":0},{"column_id":308014,"table_id":52020,"column_name":"Bold","column_alias":"","column_desc":"","column_length":2,"column_type_id":3,"sort":1,"column_type":"Integer","emptybottomsort":0},{"column_id":308015,"table_id":52020,"column_name":"Italic","column_alias":"","column_desc":"","column_length":2,"column_type_id":3,"sort":1,"column_type":"Integer","emptybottomsort":0},{"column_id":308016,"table_id":52020,"column_name":"Underline","column_alias":"","column_desc":"","column_length":2,"column_type_id":3,"sort":1,"column_type":"Integer","emptybottomsort":0},{"column_id":308017,"table_id":52020,"column_name":"VerticalAlignment","column_alias":"","column_desc":"","column_length":2,"column_type_id":3,"sort":1,"column_type":"Integer","emptybottomsort":0},{"column_id":308018,"table_id":52020,"column_name":"HorizontalAlignment","column_alias":"","column_desc":"","column_length":2,"column_type_id":3,"sort":1,"column_type":"Integer","emptybottomsort":0},{"column_id":308019,"table_id":52020,"column_name":"XOffset","column_alias":"","column_desc":"","column_length":8,"column_type_id":2,"sort":1,"column_type":"Numeric","emptybottomsort":0},{"column_id":308020,"table_id":52020,"column_name":"YOffset","column_alias":"","column_desc":"","column_length":8,"column_type_id":2,"sort":1,"column_type":"Numeric","emptybottomsort":0},{"column_id":308021,"table_id":52020,"column_name":"Angle","column_alias":"","column_desc":"","column_length":8,"column_type_id":2,"sort":1,"column_type":"Numeric","emptybottomsort":0},{"column_id":308022,"table_id":52020,"column_name":"FontLeading","column_alias":"","column_desc":"","column_length":8,"column_type_id":2,"sort":1,"column_type":"Numeric","emptybottomsort":0},{"column_id":308023,"table_id":52020,"column_name":"WordSpacing","column_alias":"","column_desc":"","column_length":8,"column_type_id":2,"sort":1,"column_type":"Numeric","emptybottomsort":0},{"column_id":308024,"table_id":52020,"column_name":"CharacterWidth","column_alias":"","column_desc":"","column_length":8,"column_type_id":2,"sort":1,"column_type":"Numeric","emptybottomsort":0},{"column_id":308025,"table_id":52020,"column_name":"CharacterSpacing","column_alias":"","column_desc":"","column_length":8,"column_type_id":2,"sort":1,"column_type":"Numeric","emptybottomsort":0},{"column_id":308026,"table_id":52020,"column_name":"FlipAngle","column_alias":"","column_desc":"","column_length":8,"column_type_id":2,"sort":1,"column_type":"Numeric","emptybottomsort":0},{"column_id":308027,"table_id":52020,"column_name":"Override","column_alias":"","column_desc":"","column_length":4,"column_type_id":3,"sort":1,"column_type":"Integer","emptybottomsort":0},{"column_id":308028,"table_id":52020,"column_name":"geodb_oid","column_alias":"","column_desc":"","column_length":4,"column_type_id":3,"sort":1,"column_type":"Integer","emptybottomsort":0},{"column_id":308029,"table_id":52020,"column_name":"IGDS_","column_alias":"","column_desc":"","column_length":4,"column_type_id":3,"sort":1,"column_type":"Integer","emptybottomsort":0},{"column_id":308030,"table_id":52020,"column_name":"IGDS_ID","column_alias":"","column_desc":"","column_length":4,"column_type_id":3,"sort":1,"column_type":"Integer","emptybottomsort":0},{"column_id":308031,"table_id":52020,"column_name":"X","column_alias":"","column_desc":"","column_length":8,"column_type_id":2,"sort":1,"column_type":"Numeric","emptybottomsort":0},{"column_id":308032,"table_id":52020,"column_name":"Y","column_alias":"","column_desc":"","column_length":8,"column_type_id":2,"sort":1,"column_type":"Numeric","emptybottomsort":0},{"column_id":308033,"table_id":52020,"column_name":"OFFSETX","column_alias":"","column_desc":"","column_length":8,"column_type_id":2,"sort":1,"column_type":"Numeric","emptybottomsort":0},{"column_id":308034,"table_id":52020,"column_name":"OFFSETY","column_alias":"","column_desc":"","column_length":8,"column_type_id":2,"sort":1,"column_type":"Numeric","emptybottomsort":0},{"column_id":308035,"table_id":52020,"column_name":"HEIGHT","column_alias":"","column_desc":"","column_length":8,"column_type_id":2,"sort":1,"column_type":"Numeric","emptybottomsort":0},{"column_id":308036,"table_id":52020,"column_name":"SYMBOL","column_alias":"","column_desc":"","column_length":4,"column_type_id":3,"sort":1,"column_type":"Integer","emptybottomsort":0},{"column_id":308037,"table_id":52020,"column_name":"LEVEL","column_alias":"","column_desc":"","column_length":4,"column_type_id":3,"sort":1,"column_type":"Integer","emptybottomsort":0},{"column_id":308038,"table_id":52020,"column_name":"TEXT","column_alias":"","column_desc":"","column_length":320,"column_type_id":1,"sort":1,"column_type":"String","emptybottomsort":0},{"column_id":308039,"table_id":52020,"column_name":"ID","column_alias":"","column_desc":"","column_length":4,"column_type_id":3,"sort":1,"column_type":"Integer","emptybottomsort":0},{"column_id":308040,"table_id":52020,"column_name":"SHAPE_Length","column_alias":"","column_desc":"","column_length":8,"column_type_id":2,"sort":1,"column_type":"Numeric","emptybottomsort":0},{"column_id":308041,"table_id":52020,"column_name":"SHAPE_Area","column_alias":"","column_desc":"","column_length":8,"column_type_id":2,"sort":1,"column_type":"Numeric","emptybottomsort":0}]}]}
