{"layer_id":52142,"title":"Development Opportunity Areas","output_geodatabase":"EGH_Public","feature_dataset_name":"Stand-Alone","feature_class_name":"development_opp_areas_pdx","category_id":50001,"bureau_id":14,"contact_id":50120,"common_id":"","db_type_id":50003,"originator":"Portland Development Commission","resource_url":"","abstract":"City of Portland Development Opportunity Services (DOS) Maintained by Portland Development Commission    Please refer to the PDC link at http:\/\/www.pdc.us\/dev_serv\/dos.asp to get more information about target areas","purpose":"The Development Opportunity Services (DOS) Program is applicable in some PDC urban renewal areas and target areas specified by the Bureau of Housing and Community Development. These are areas where strategies and plans are in place that meet PDC and citywide revitalization goals.","supplemental_information":"","last_update_date":"2011-09-27 15:46:00.0","source_last_update_date":"2011-09-26 11:51:46.0","maint_update_frequency":"As needed","extent":"City of Portland","data_type":"Vector","shape_type":"Polygon","feature_count":7655,"raster_object_type":"Grid cell","row_count":0,"column_count":0,"coordinate_resolution":"","metadata_date":"2014-05-25 00:00:00.0","theme_keyword":"Development Opprotunity Areas, PDC","place_keyword":"Portland, Multnomah County, Oregon","horizontal_pos_acc_link":"Taxlots","ext_flag":"I","publication_date":"2006-01-01 00:00:00.0","access_constraints":"None","use_constraints":"These data are distributed uner the terms of the City of Portland Data Distribution Policy.","progress":"Complete                                ","north_bounding_coordinate":46.08065859    ,"south_bounding_coordinate":44.85462409    ,"east_bounding_coordinate":-121.65053671  ,"west_bounding_coordinate":-123.47121656  ,"horizontal_pos_accuracy":"","theme_keyword_thesaurus":"None                                    ","place_keyword_thesaurus":"None                                    ","source_dataset_type":"Shapefile","file_path":"","source_server_name":"","source_instance":"","source_database_name":"","source_feature_dataset_name":"","source_feature_class_name":"","source_user_name":"","source_password":"","category":"Boundary","grid_coord_system_name":"","planar_distance_units":"","horizontal_datum_name":"","distribution_liability":"","format_name":"","online_network_resource_name":"","online_access_instructions":"","offline_media":"","offline_recording_format":"","transfer_size":"","spcs_zone_identifier":"","contact_name":"Robert Smith","contact_phone":"503 823-0411","contact_fax":"503 865-3796","contact_email":"SmithR@pdc.us","contact_organization":"Portland Development Commission","contact_address":"222 NW Fifth Avenue","contact_city":"Portland","contact_state":"OR","contact_zipcode":"97209-3859","org_phone":"503 823-3200","org_fax":"503 823-3368","org_email":"smithr@pdc.us","db_type":"SDE","bureau":"Portland Development Commission","bureau_desc":"PDC","lineage":[],"files":[{"file_id":197,"file_name":"52142.png","file_type":"image\/png","file_desc":"","file_size":348728,"sort":"","emptybottomsort":1,"file_url":"http:\/\/dev.portlandmaps.com\/metadata\/index.cfm?action=DisplayFile&FileID=197"}],"tables":[{"layer_table_xref_id":169,"layer_id":52142,"table_id":52067,"table_name":"development_opp_areas_pdx","table_desc":"","table_jurisdiction":"","columns":[{"column_id":54995,"table_id":52067,"column_name":"OBJECTID","column_desc":"","column_length":8,"column_type_id":2,"sort":1,"column_type":"Numeric","emptybottomsort":0},{"column_id":54997,"table_id":52067,"column_name":"STATE_ID","column_desc":"","column_length":20,"column_type_id":1,"sort":1,"column_type":"String","emptybottomsort":0},{"column_id":55000,"table_id":52067,"column_name":"NAME","column_desc":"","column_length":75,"column_type_id":1,"sort":1,"column_type":"String","emptybottomsort":0}]}]}
