{"layer_id":52778,"title":"curb_ramp_pdx","output_geodatabase":"ASSETS_PDOT","feature_dataset_name":"curb_ramp_pdx","feature_class_name":"curb_ramp_pdx","category_id":99,"bureau_id":17,"contact_id":50099,"common_id":"","db_type_id":50003,"originator":"City of Portland","resource_url":"","abstract":"","purpose":"","supplemental_information":"","last_update_date":"2013-11-14 14:49:18.0","source_last_update_date":"2014-12-18 08:38:54.0","maint_update_frequency":"Unknown","extent":"Clackamas County, Multnomah County, and Washington County, Oregon","data_type":"Vector","shape_type":"Point","feature_count":30977,"raster_object_type":"","row_count":0,"column_count":0,"coordinate_resolution":"","metadata_date":"2014-12-18 00:00:00.0","theme_keyword":"","place_keyword":"Portland, Multnomah County, Washington County, Clackamas County, Oregon","horizontal_pos_acc_link":"Taxlots","ext_flag":"E","publication_date":"","access_constraints":"None","use_constraints":"These data are distributed uner the terms of the City of Portland Data Distribution Policy.","progress":"Complete                                ","north_bounding_coordinate":46.08065859    ,"south_bounding_coordinate":44.85462409    ,"east_bounding_coordinate":-121.65053671  ,"west_bounding_coordinate":-123.47121656  ,"horizontal_pos_accuracy":"","theme_keyword_thesaurus":"None                                    ","place_keyword_thesaurus":"None                                    ","source_dataset_type":"Personal Geodatabase","file_path":"","source_server_name":"","source_instance":"","source_database_name":"","source_feature_dataset_name":"","source_feature_class_name":"","source_user_name":"","source_password":"","category":"Unspecified","grid_coord_system_name":"","planar_distance_units":"","horizontal_datum_name":"","distribution_liability":"","format_name":"","online_network_resource_name":"","online_access_instructions":"","offline_media":"","offline_recording_format":"","transfer_size":"","spcs_zone_identifier":"","contact_name":"City of PDX","contact_phone":"503-823-4000","contact_fax":"503-823-4000","contact_email":"CityInfo@portlandoregon.gov","contact_organization":"City of Portland","contact_address":"1120 SW Fifth Avenue","contact_city":"Portland","contact_state":"OR","contact_zipcode":97201,"org_phone":"503 823-7700","org_fax":"503-823-7800","org_email":"bps@portlandoregon.gov","db_type":"SDE","bureau":"Bureau of Transportation","bureau_desc":"PBOT","lineage":[],"files":[{"file_id":377,"file_name":"52778.png","file_type":"image\/png","file_desc":"","file_size":241696,"sort":"","emptybottomsort":1,"file_url":"http:\/\/dev.portlandmaps.com\/metadata\/index.cfm?action=DisplayFile&FileID=377"}],"tables":[{"layer_table_xref_id":729,"layer_id":52778,"table_id":52621,"table_name":"curb_ramp_pdx","table_desc":"","table_jurisdiction":"","columns":[{"column_id":75799,"table_id":52621,"column_name":"NONASSETID","column_desc":"","column_length":15,"column_type_id":1,"sort":1,"column_type":"String","emptybottomsort":0},{"column_id":75804,"table_id":52621,"column_name":"INSTALLDATE","column_desc":"","column_length":36,"column_type_id":4,"sort":1,"column_type":"Date","emptybottomsort":0},{"column_id":75805,"table_id":52621,"column_name":"IMAGEPATH","column_desc":"","column_length":255,"column_type_id":1,"sort":1,"column_type":"String","emptybottomsort":0},{"column_id":137051,"table_id":52621,"column_name":"ProjectNumber","column_desc":"","column_length":10,"column_type_id":4,"sort":1,"column_type":"Date","emptybottomsort":0},{"column_id":191216,"table_id":52621,"column_name":"Owner","column_desc":"","column_length":15,"column_type_id":0,"sort":1,"column_type":"Unknown","emptybottomsort":0},{"column_id":191217,"table_id":52621,"column_name":"MaintResp","column_desc":"","column_length":15,"column_type_id":0,"sort":1,"column_type":"Unknown","emptybottomsort":0},{"column_id":265170,"table_id":52621,"column_name":"ADAWarnings","column_desc":"","column_length":1,"column_type_id":0,"sort":1,"column_type":"Unknown","emptybottomsort":0}]}]}
