{"layer_id":155,"title":"County Lines (poly) (Metro)","output_geodatabase":"EGH_PUBLIC","feature_dataset_name":"COUNTY_METRO","feature_class_name":"COUNTY_METRO","category_id":50001,"bureau_id":32,"contact_id":50150,"common_id":1,"db_type_id":7,"originator":"Metro Data Resource Center              ","resource_url":"http:\/\/rlisdiscovery.oregonmetro.gov\/metadataviewer\/display.cfm?meta_layer_id=155","abstract":"County boundaries.","purpose":"For use as a \"base\" layer on map products to shade county areas and in analysis to capture areas within each county.","supplemental_information":"","last_update_date":"2013-11-08 14:51:25.0","source_last_update_date":"2014-11-08 04:00:44.0","maint_update_frequency":"None planned                            ","extent":"Clackamas County, Multnomah County, and Washington County, Oregon; Clark County, Washington","data_type":"Vector","shape_type":"Polygon","feature_count":11,"raster_object_type":"NA        ","row_count":"","column_count":"","coordinate_resolution":"","metadata_date":"2014-11-08 00:00:00.0","theme_keyword":"County, boundary, county boundary, county boundaries                                                                                                            ","place_keyword":"Multnomah County, Washington County, Clackamas County, Oregon<br>\r\nClark County, Washington                                                                     ","horizontal_pos_acc_link":"Taxlots             ","ext_flag":"E","publication_date":"1988-01-01 00:00:00.0","access_constraints":"None","use_constraints":"None","progress":"Complete                                ","north_bounding_coordinate":46.08065859    ,"south_bounding_coordinate":44.85462409    ,"east_bounding_coordinate":-121.65053671  ,"west_bounding_coordinate":-123.47121656  ,"horizontal_pos_accuracy":"","theme_keyword_thesaurus":"None                                    ","place_keyword_thesaurus":"None                                    ","source_dataset_type":"Shapefile","file_path":"","source_server_name":"","source_instance":"","source_database_name":"","source_feature_dataset_name":"","source_feature_class_name":"","source_user_name":"","source_password":"","category":"Boundary","grid_coord_system_name":"State plane coordinate system 1983.                                             ","planar_distance_units":"International feet       ","horizontal_datum_name":"North American Datum of 1983\/1991 (HPGN)","distribution_liability":"The information in this file was derived from digital databases on Metro's GIS. Care was taken in the creation of this file.  Metro cannot accept any responsibility for errors, omissions, or positional accuracy.  There are no warranties, expressed or implied.","format_name":"Distribution by City of Portland not allowed by contract","online_network_resource_name":"http:\/\/rlisdiscovery.oregonmetro.gov\/?resourceID=3","online_access_instructions":"Metro can place data on its FTP site on request.  In most cases, a fee for the data will be charged.  Call 503 797-1742 or email drc@metro.dst.or.us for instructions.","offline_media":"CD-ROM                                                                          ","offline_recording_format":"ISO9660 (DOS, Unix, or Macintosh)                                               ","transfer_size":"Approx. 12 MB                                                                   ","spcs_zone_identifier":5076  ,"contact_name":"Metro Data Resource Center","contact_phone":"503-797-1742","contact_fax":"503-797-1909","contact_email":"drc@oregonmetro.gov","contact_organization":"Oregon Metro","contact_address":"600 NE Grand Ave","contact_city":"Portland","contact_state":"OR","contact_zipcode":97232,"org_phone":"503-797-1700","org_fax":"","org_email":"feedback@oregonmetro.gov","db_type":"All 3","bureau":"Metro Data Resource Center","bureau_desc":"METRO","lineage":[{"lineage_id":133,"process_desc":"County lines were digitized by ODOT as part of their detailed street base.  Source was USGS quad sheets. Metro converted the layer to ARC\/INFO format.","process_date":"1989-01-01 00:00:00.0"},{"lineage_id":134,"process_desc":"Registered to the tax lot layer.","process_date":"1992-01-01 00:00:00.0"},{"lineage_id":856,"process_desc":"Projection information (.prj file), compatible with ArcGIS 8.1, was added to the layer.","process_date":"2001-07-15 00:00:00.0"},{"lineage_id":1258,"process_desc":"Positinal adjust of the Washington County Boundary to register to their positionally more accurate parcel lines.  Edge matched at Clackamas and Multnomah County Boundaries.","process_date":"2003-01-16 00:00:00.0"}],"files":[{"file_id":3,"file_name":"county.gif","file_type":"image\/gif","file_desc":"Each county displayed in a different color with county name annotation.","file_size":6310,"sort":"","emptybottomsort":1,"file_url":"http:\/\/dev.portlandmaps.com\/metadata\/index.cfm?action=DisplayFile&FileID=3"}],"tables":[{"layer_table_xref_id":4,"layer_id":155,"table_id":190,"table_name":"COUNTY_METRO","table_desc":"Attributes about each county","table_jurisdiction":"","columns":[{"column_id":5541,"table_id":190,"column_name":"COUNTY_NO","column_desc":"","column_length":2,"column_type_id":3,"sort":1,"column_type":"Integer","emptybottomsort":0},{"column_id":5542,"table_id":190,"column_name":"COUNTY","column_desc":"","column_length":30,"column_type_id":1,"sort":1,"column_type":"String","emptybottomsort":0},{"column_id":311105,"table_id":190,"column_name":"AREA","column_desc":"","column_length":8,"column_type_id":2,"sort":1,"column_type":"Numeric","emptybottomsort":0}]}]}
