<metadata>
	<idinfo>
		<citation>
			<citeinfo>
				<origin>Kevin Martin, City of Portland Bureau of Planning and Sustainability, Technical Services Manager</origin>
				<pubdate>20140417</pubdate>
				<title>cop_property_fiber_hut_candidate_sites</title>
				<geoform>vector digital data</geoform>
			</citeinfo>
		</citation>
		<descript>
			<abstract>All (known) parcels owned by the City of Portland. Specific managing agency is identified. Each parcel has been assigned a "fiber hut class" that identifies the whether the parcel is a viable hut site, and the estimated level of review required to site a hut on the parcel.</abstract>
			<purpose>For use by Google in the siting of fiber huts.</purpose>
		</descript>
		<timeperd>
			<timeinfo>
				<rngdates>
					<begdate>20140417</begdate>
				</rngdates>
			</timeinfo>
			<current>4/17/2014</current>
		</timeperd>
		<status>
			<progress>In work</progress>
			<update>As needed</update>
		</status>
		<spdom>
			<bounding>
				<westbc>-122.828849</westbc>
				<eastbc>-122.468100</eastbc>
				<northbc>45.656025</northbc>
				<southbc>45.431747</southbc>
			</bounding>
		</spdom>
		<keywords>
			<theme>
				<themekt>None</themekt>
				<themekey>portland</themekey>
				<themekey>public property</themekey>
				<themekey>public land</themekey>
				<themekey>candidate sites</themekey>
			</theme>
		</keywords>
		<accconst>None</accconst>
		<useconst>None</useconst>
		<ptcontac>
			<cntinfo>
				<cntorgp>
					<cntorg>City of Portland Bureau of Planning and Sustainability</cntorg>
					<cntper>Kevin Martin</cntper>
				</cntorgp>
				<cntpos>Technical Services Manager</cntpos>
				<cntaddr>
					<addrtype>mailing and physical</addrtype>
					<address>1900 SW 4th Ave, Suite 7100</address>
					<city>Portland</city>
					<state>Oregon</state>
					<postal>97201</postal>
					<country>US</country>
				</cntaddr>
				<cntvoice>503-823-7710</cntvoice>
				<cntfax>503-823-7800</cntfax>
				<cntemail>kevin.martin@portlandoregon.gov</cntemail>
			</cntinfo>
		</ptcontac>
		<datacred>City of Portland Bureau of Planning and Sustainability</datacred>
		<native>Microsoft Windows 7 Version 6.1 (Build 7601) Service Pack 1; Esri ArcGIS 10.2.0.3389</native>
	</idinfo>
	<spdoinfo>
		<direct>Vector</direct>
		<ptvctinf>
			<sdtsterm>
				<sdtstype>GT-polygon composed of chains</sdtstype>
				<ptvctcnt>3277</ptvctcnt>
			</sdtsterm>
		</ptvctinf>
	</spdoinfo>
	<spref>
		<horizsys>
			<planar>
				<mapproj>
					<mapprojn>NAD 1983 HARN StatePlane Oregon North FIPS 3601 Feet Intl</mapprojn>
					<lambertc>
						<stdparll>44.33333333333334</stdparll>
						<stdparll>46.0</stdparll>
						<longcm>-120.5</longcm>
						<latprjo>43.66666666666666</latprjo>
						<feast>8202099.737532808</feast>
						<fnorth>0.0</fnorth>
					</lambertc>
				</mapproj>
				<planci>
					<plance>coordinate pair</plance>
					<coordrep>
						<absres>0.00032808398952351674</absres>
						<ordres>0.00032808398952351674</ordres>
					</coordrep>
					<plandu>foot</plandu>
				</planci>
			</planar>
			<geodetic>
				<horizdn>D North American 1983 HARN</horizdn>
				<ellips>GRS 1980</ellips>
				<semiaxis>6378137.0</semiaxis>
				<denflat>298.257222101</denflat>
			</geodetic>
		</horizsys>
	</spref>
	<eainfo>
		<detailed>
			<enttyp>
				<enttypl>cop_property_fiber_hut_candidate_sites</enttypl>
				<enttypd>fGDB feature class</enttypd>
				<enttypds>City of Portland</enttypds>
			</enttyp>
			<attr>
				<attrlabl>OBJECTID</attrlabl>
				<attrdef>Internal feature number.</attrdef>
				<attrdefs>Esri</attrdefs>
				<attrdomv>
					<udom>Sequential unique whole numbers that are automatically generated.</udom>
				</attrdomv>
			</attr>
			<attr>
				<attrlabl>SHAPE</attrlabl>
				<attrdef>Feature geometry.</attrdef>
				<attrdefs>Esri</attrdefs>
				<attrdomv>
					<udom>Coordinates defining the features.</udom>
				</attrdomv>
			</attr>
			<attr>
				<attrlabl>STATE_ID</attrlabl>
				<attrdef>The state ID of the parcel</attrdef>
				<attrdefs>Multnomah County Assessor</attrdefs>
				<attrdomv>
					<udom>Values vary</udom>
				</attrdomv>
			</attr>
			<attr>
				<attrlabl>RNO</attrlabl>
				<attrdef>The tax assessment account number of the parcel.</attrdef>
				<attrdefs>Multnomah County Asessor</attrdefs>
				<attrdomv>
					<udom>Values vary</udom>
				</attrdomv>
			</attr>
			<attr>
				<attrlabl>Site_Address</attrlabl>
				<attrdef>The site address of the parcel</attrdef>
				<attrdefs>City of Portland</attrdefs>
				<attrdomv>
					<udom>Values vary</udom>
				</attrdomv>
			</attr>
			<attr>
				<attrlabl>OWNER1</attrlabl>
				<attrdef>The main owner of the parcel</attrdef>
				<attrdefs>Multnomah County Tax Assessor</attrdefs>
				<attrdomv>
					<udom>Values vary</udom>
				</attrdomv>
			</attr>
			<attr>
				<attrlabl>OWNER2</attrlabl>
				<attrdef>The secondary owner of the parcel</attrdef>
				<attrdefs>Multnomah County Tax Assessor</attrdefs>
				<attrdomv>
					<udom>Values vary</udom>
				</attrdomv>
			</attr>
			<attr>
				<attrlabl>OWNER3</attrlabl>
				<attrdef>Any additional owner information</attrdef>
				<attrdefs>Multnomah County Tax Assessor</attrdefs>
				<attrdomv>
					<udom>Values vary</udom>
				</attrdomv>
			</attr>
			<attr>
				<attrlabl>City_Bureau</attrlabl>
				<attrdef>The City of Portland Bureau that manages the property</attrdef>
				<attrdefs>City of Portland</attrdefs>
				<attrdomv>
					<edom>
						<edomv>Auditor</edomv>
						<edomvd>City Auditor's Office</edomvd>
						<edomvds>City of Portland</edomvds>
					</edom>
					<edom>
						<edomv>BES</edomv>
						<edomvd>Bureau of Environmental Services</edomvd>
						<edomvds>City of Portland</edomvds>
					</edom>
					<edom>
						<edomv>BIBS</edomv>
						<edomvd>Bureau of Internal Business Services</edomvd>
						<edomvds>City of Portland</edomvds>
					</edom>
					<edom>
						<edomv>BPS</edomv>
						<edomvd>Bureau of Planning and Sustainability</edomvd>
						<edomvds>City of Portland</edomvds>
					</edom>
					<edom>
						<edomv>Fire</edomv>
						<edomvd>Portland Fire Bureau</edomvd>
						<edomvds>City of Portland</edomvds>
					</edom>
					<edom>
						<edomv>Housing</edomv>
						<edomvd>Portland Housing Bureau</edomvd>
						<edomvds>City of Portland</edomvds>
					</edom>
					<edom>
						<edomv>Parks</edomv>
						<edomvd>Portland Parks Bureau</edomvd>
						<edomvds>City of Portland</edomvds>
					</edom>
					<edom>
						<edomv>PDC</edomv>
						<edomvd>Portland Development Commission</edomvd>
						<edomvds>City of Portland</edomvds>
					</edom>
					<edom>
						<edomv>Police</edomv>
						<edomvd>Portland Police Bureau</edomvd>
						<edomvds>City of Portland</edomvds>
					</edom>
					<edom>
						<edomv>Transportation</edomv>
						<edomvd>Portland Bureau of Transportation</edomvd>
						<edomvds>City of Portland</edomvds>
					</edom>
					<edom>
						<edomv>Water</edomv>
						<edomvd>Portland Water Bureau</edomvd>
						<edomvds>City of Portland</edomvds>
					</edom>
					<edom>
						<edomv>Unknown</edomv>
						<edomvd>Managing/owning agency is not known</edomvd>
						<edomvds>City of Portland</edomvds>
					</edom>
				</attrdomv>
			</attr>
			<attr>
				<attrlabl>Base_Zone</attrlabl>
				<attrdef>The base zone of the parcel. Refer to City of Portland zoning data for more specific zoning information.</attrdef>
				<attrdefs>City of Portland</attrdefs>
				<attrdomv>
					<udom>Refer to https://www.portlandoregon.gov/bps/article/401296 for a complete list and description of all base zones</udom>
				</attrdomv>
			</attr>
			<attr>
				<attrlabl>Review_Class</attrlabl>
				<attrdef>The estimated level of development review required to locate a fiber hut on the site.</attrdef>
				<attrdefs>City of Portland</attrdefs>
				<attrdomv>
					<edom>
						<edomv>Not Suitable</edomv>
						<edomvd>Parcel is not suitable for a fiber hut due to zoning code or other limitations. Parcels that are not suitable include existing parks, parcels with an open space comprehensive plan designation, properties that are expected to be converted to residential use (owned by the Portland Housing bureau), and parcels containing designated local and national historic landmarks.</edomvd>
						<edomvds>City of Portland</edomvds>
					</edom>
					<edom>
						<edomv>High</edomv>
						<edomvd>Locating a hut on the parcel would require a significant level of development and/or design review. High review parcels include base zones that do not allow for utility uses (CX, EX, OS, R1, R10, R2, R2.5, R20, R3, R5, R7, RF, RH, RX base zones), parcels in historic districts, parcels in the Central City Plan District, parcels containing significant areas of environmental overlay zoning (p,c, and v overlays), parcels with sigificant areas of greenway overlay zones (g,n, q, r overlays), parcels with a design (d) overlay, and parcels with a main street corridor or node overlay (m &amp; j overlays). </edomvd>
						<edomvds>City of Portland</edomvds>
					</edom>
					<edom>
						<edomv>Medium</edomv>
						<edomvd>Parcels that allow utility use, but where locating a hut on the parcel would require a moderate level due to design standards (including  maximum transit street setbacks, main entrance requirements, ground floor window  requirements, minimum building coverage where applicable, etc.)   . Medium review parcels include base zones that have design standards that would be applied to the huts (CG, CM, CN1, CN2, CO1, CO2, CS base zones).</edomvd>
						<edomvds>City of Portland</edomvds>
					</edom>
					<edom>
						<edomv>Low</edomv>
						<edomvd>Locating a hut on the parcel would require little to no development review. Low review parcels include base zones that allow for utility use and do not have design standards (EG1, EG2, IG1, IG2, IH base zones).</edomvd>
						<edomvds>City of Portland</edomvds>
					</edom>
				</attrdomv>
			</attr>
			<attr>
				<attrlabl>Review_Reason</attrlabl>
				<attrdef>An explanantion for the development review classification Review_Class.</attrdef>
				<attrdefs>City of Portland</attrdefs>
				<attrdomv>
					<udom>Values vary.</udom>
				</attrdomv>
			</attr>
			<attr>
				<attrlabl>Has_Area</attrlabl>
				<attrdef>Using an analysis dataset where building footprints, environmental protection (p) overlay, 100-year floodplain, and high NRI were subtracted from the lot, parcels where more than 1,400 sqft of contiguous area remaining after removal of these areas (meaning a hut could potentially be sited) were classified as "True"</attrdef>
				<attrdefs>City of Portland</attrdefs>
				<attrdomv>
					<edom>
						<edomv>True</edomv>
						<edomvd>Site potentially has enough usable open are to support a fiber hut</edomvd>
						<edomvds>City of Portland</edomvds>
					</edom>
				</attrdomv>
			</attr>
			<attr>
				<attrlabl>Review_Agency</attrlabl>
				<attrdef>City of Portland agency that reviewed the viability of the parcel for siting a hut.</attrdef>
				<attrdefs>City of Portland</attrdefs>
				<attrdomv>
					<udom>Refer to "City_Bureau" domain and value descriptions for a complete list of values.</udom>
				</attrdomv>
			</attr>
			<attr>
				<attrlabl>Agency_Viability</attrlabl>
				<attrdef>Decision for reviewing agency regarding the viability of the parcel for siting a fiber hut.</attrdef>
				<attrdefs>City of Portland</attrdefs>
				<attrdomv>
					<udom>Values vary</udom>
				</attrdomv>
			</attr>
			<attr>
				<attrlabl>Agency_Notes</attrlabl>
				<attrdef>Any notes related to the decision of the reviewing City of Portland agency regarding the parcels viability for a fiber hut.</attrdef>
				<attrdefs>City of Portland</attrdefs>
				<attrdomv>
					<udom>Values vary</udom>
				</attrdomv>
			</attr>
			<attr>
				<attrlabl>Viability</attrlabl>
				<attrdef>Viability of the parcel for siting a fiber hut.</attrdef>
				<attrdefs>City of Portland</attrdefs>
				<attrdomv>
					<edom>
						<edomv>Viable</edomv>
						<edomvd>The parcel could potentially be suitable for a fiber hut.</edomvd>
						<edomvds>City of Portland</edomvds>
					</edom>
					<edom>
						<edomv>Not Viable</edomv>
						<edomvd>Due to zoning code limitations, lack of open area for a potential site (every parcel was compared against 2013 6" resolution aerial photos to confirm if a hut could potentially be located on the parcel), or a decision by the reviewing agency, the parcel is not a viable candidate.</edomvd>
						<edomvds>City of Portland</edomvds>
					</edom>
				</attrdomv>
			</attr>
			<attr>
				<attrlabl>Viability_Notes</attrlabl>
				<attrdef>Any notes related to the viability classification and decision (Viability).</attrdef>
				<attrdefs>City of Portland</attrdefs>
				<attrdomv>
					<udom>Values vary</udom>
				</attrdomv>
			</attr>
			<attr>
				<attrlabl>Fiber_Class</attrlabl>
				<attrdef>The final classification of the prcel with respect to its potential for siting a fiber hut</attrdef>
				<attrdefs>City of Portland</attrdefs>
				<attrdomv>
					<edom>
						<edomv>Low Review</edomv>
						<edomvd>Parcel is viable and requires little or no development review. These parcels are an ideal location for a fiber hut.</edomvd>
						<edomvds>City of Portland</edomvds>
					</edom>
					<edom>
						<edomv>Medium Review</edomv>
						<edomvd>Parcel is viable but requires some development review related to design standards. These parcels are good locations for a fiber hut, but would require more process than the low review parcels.</edomvd>
						<edomvds>City of Portland</edomvds>
					</edom>
					<edom>
						<edomv>High Review</edomv>
						<edomvd>Parcel is viable but requires significant development and/or design review. These parcels are possible locations for a fiber hut, but would require significantly more process than the low or medium review parcels.</edomvd>
						<edomvds>City of Portland</edomvds>
					</edom>
					<edom>
						<edomv>Not Viable</edomv>
						<edomvd>Parcel is not viable as a fiber hut site. These parcels are not good locations for siting a fiber hut. </edomvd>
						<edomvds>City of Portland</edomvds>
					</edom>
				</attrdomv>
			</attr>
			<attr>
				<attrlabl>SHAPE_Length</attrlabl>
				<attrdef>Length of feature in internal units.</attrdef>
				<attrdefs>Esri</attrdefs>
				<attrdomv>
					<udom>Positive real numbers that are automatically generated.</udom>
				</attrdomv>
			</attr>
			<attr>
				<attrlabl>SHAPE_Area</attrlabl>
				<attrdef>Area of feature in internal units squared.</attrdef>
				<attrdefs>Esri</attrdefs>
				<attrdomv>
					<udom>Positive real numbers that are automatically generated.</udom>
				</attrdomv>
			</attr>
		</detailed>
	</eainfo>
	<metainfo>
		<metd>20140418</metd>
		<metc>
			<cntinfo>
				<cntorgp>
					<cntorg>City of Portland Bureau of Planning and Sustainability</cntorg>
					<cntper>Kevin Martin</cntper>
				</cntorgp>
				<cntpos>Technical Services Manager</cntpos>
				<cntaddr>
					<addrtype>mailing and physical</addrtype>
					<address>1900 SW 4th Ave, Suite 7100</address>
					<city>Portland</city>
					<state>Oregon</state>
					<postal>97201</postal>
					<country>US</country>
				</cntaddr>
				<cntvoice>503-823-7710</cntvoice>
				<cntfax>503-823-7800</cntfax>
				<cntemail>kevin.martin@portlandoregon.gov</cntemail>
			</cntinfo>
		</metc>
		<metstdn>FGDC Content Standard for Digital Geospatial Metadata</metstdn>
		<metstdv>FGDC-STD-001-1998</metstdv>
		<mettc>local time</mettc>
		<metuc>These data are distributed under the terms of the City of Portland Data Distribution Policy. Care was taken in the creation of this data but it is provided "as is". The City of Portland cannot accept any responsibility for error, omissions, or positional accuracy.</metuc>
	</metainfo>
	<Esri><DataProperties><itemProps><itemLocation><linkage Sync="TRUE">file://\\WS14247\D$\Temp\GoogleFiber\Shapes\cop_property_fiber_hut_candidate_sites_METADATA</linkage><protocol Sync="TRUE">Local Area Network</protocol></itemLocation></itemProps><copyHistory><copy source="D:\Temp\GoogleFiber\COP_Owned_Candidate_Sites\GIS_Data\cop_property_fiber_hut_candidate_sites_METADATA" dest="\\WS14247\D$\Temp\GoogleFiber\Shapes\cop_property_fiber_hut_candidate_sites_METADATA" date="20140429" time="13105200"></copy></copyHistory></DataProperties></Esri></metadata>
