{"layer_id":179,"title":"ZIP codes (Metro)","output_geodatabase":"EGH_PUBLIC","feature_dataset_name":"Stand-Alone","item_name":"ZIPCODE_METRO","category_id":50001,"bureau_id":32,"contact_id":50150,"common_id":1,"db_type_id":7,"originator":"Metro Data Resource Center              ","resource_url":"http:\/\/rlisdiscovery.oregonmetro.gov\/metadataviewer\/display.cfm?meta_layer_id=179","abstract":"This data is maintained by and obtained from Metro GIS.  Click the link above to view the Metro GIS metadata for this dataset.","purpose":"","supplemental_information":"","last_update_date":"2013-11-08 14:53:05.0","source_last_update_date":"2014-11-08 04:01:18.0","maint_update_frequency":"Irregular                               ","extent":"Clackamas, Clark, Multnomah, and Washington counties in Oregon and Washington","data_type":"Vector","shape_type":"Polygon","feature_count":147,"raster_object_type":"NA        ","row_count":"","column_count":"","coordinate_resolution":"","metadata_date":"2015-01-30 14:53:44.687","theme_keyword":"Zip, Zipcode, zip code                                                                                                                                          ","place_keyword":"Portland, Multnomah County, Washington County, Clackamas County, Oregon                                                                                         ","horizontal_pos_acc_link":"Taxlots             ","ext_flag":"E","publication_date":"1994-01-01 00:00:00.0","access_constraints":"None","use_constraints":"None","progress":"Complete                                ","north_bounding_coordinate":46.08065859    ,"south_bounding_coordinate":44.85462409    ,"east_bounding_coordinate":-121.65053671  ,"west_bounding_coordinate":-123.47121656  ,"horizontal_pos_accuracy":"","theme_keyword_thesaurus":"None                                    ","place_keyword_thesaurus":"None                                    ","source_dataset_type":"Shapefile","file_path":"","source_server_name":"","source_instance":"","source_database_name":"","source_feature_dataset_name":"","source_feature_class_name":"","source_user_name":"","source_password":"","category":"Boundary","grid_coord_system_name":"State plane coordinate system 1983(91).","planar_distance_units":"International feet       ","horizontal_datum_name":"North American Datum of 1983\/1991 (HPGN)","distribution_liability":"The information in this file was derived from digital databases on Metro's GIS. Care was taken in the creation of this file.  Metro cannot accept any responsibility for errors, omissions, or positional accuracy.  There are no warranties, expressed or implied.","format_name":"Distribution by City of Portland not allowed by contract","online_network_resource_name":"http:\/\/rlisdiscovery.oregonmetro.gov","online_access_instructions":"Access the data via the RLIS Discovery Site - http:\/\/rlisdiscovery.oregonmetro.gov","offline_media":"CD-ROM                                                                          ","offline_recording_format":"ISO9660 (DOS, Unix, or Macintosh)                                               ","transfer_size":"varies","spcs_zone_identifier":5076  ,"contact_name":"Metro Data Resource Center","contact_phone":"503-797-1742","contact_fax":"503-797-1909","contact_email":"drc@oregonmetro.gov","contact_organization":"Oregon Metro","contact_address":"600 NE Grand Ave","contact_city":"Portland","contact_state":"OR","contact_zipcode":97232,"org_phone":"503-797-1700","org_fax":"503-797-1909","org_email":"drc@oregonmetro.gov","db_type":"All 3","bureau":"Metro Data Resource Center","bureau_desc":"METRO","lineage":[{"lineage_id":859,"process_desc":"Projection information (.prj file), compatible with ArcGIS 8.1, was added to the layer.","process_date":"2001-07-15 00:00:00.0"},{"lineage_id":1243,"process_desc":"In coverage the Zipno item modified from binary to character type. In the derived shapefile and SDE_layer the Zipcode field was also modified to a character type.","process_date":"2002-10-31 00:00:00.0"}],"files":[{"file_id":6,"file_name":"zipcode.gif","file_type":"image\/gif","file_desc":"Zip code boundaries and labels shown in red.  Streets and rivers are also shown for orientation.","file_size":18238,"sort":"","emptybottomsort":1,"file_url":"http:\/\/dev.portlandmaps.com\/metadata\/index.cfm?action=DisplayFile&FileID=6"}],"tables":[{"layer_table_xref_id":7,"layer_id":179,"table_id":218,"table_name":"ZIPCODE_METRO","table_desc":"Description of the zip code polygons","table_jurisdiction":"","columns":[{"column_id":5525,"table_id":218,"column_name":"ZIPCODE","column_alias":"","column_desc":"","column_length":4,"column_type_id":3,"sort":1,"column_type":"Integer","emptybottomsort":0},{"column_id":135589,"table_id":218,"column_name":"NAME","column_alias":"","column_desc":"","column_length":25,"column_type_id":3,"sort":1,"column_type":"Integer","emptybottomsort":0},{"column_id":135590,"table_id":218,"column_name":"TYPE","column_alias":"","column_desc":"","column_length":25,"column_type_id":3,"sort":1,"column_type":"Integer","emptybottomsort":0},{"column_id":135591,"table_id":218,"column_name":"STATE","column_alias":"","column_desc":"","column_length":2,"column_type_id":3,"sort":1,"column_type":"Integer","emptybottomsort":0},{"column_id":144537,"table_id":218,"column_name":"OBJECTID","column_alias":"","column_desc":"","column_length":8,"column_type_id":2,"sort":1,"column_type":"Numeric","emptybottomsort":0}]}]}
