{"layer_id":53542,"title":"Cities (METRO)","output_geodatabase":"EGH_PUBLIC","feature_dataset_name":"Stand-Alone","feature_class_name":"city_metro","category_id":50001,"bureau_id":32,"contact_id":50150,"common_id":"","db_type_id":50003,"originator":"Metro Data Resource Center","resource_url":"http:\/\/rlisdiscovery.oregonmetro.gov\/metadataviewer\/display.cfm?meta_layer_id=123","abstract":"Click here for a link to full metadata on the Oregon Metro website","purpose":"","supplemental_information":"","last_update_date":"2013-11-08 14:50:58.0","source_last_update_date":"2014-11-08 04:00:38.0","maint_update_frequency":"Unknown","extent":"Clackamas County, Multnomah County, and Washington County, Oregon","data_type":"Vector","shape_type":"Polygon","feature_count":53,"raster_object_type":"","row_count":0,"column_count":0,"coordinate_resolution":"","metadata_date":"2014-11-08 00:00:00.0","theme_keyword":"City, municipal, city limits, incorporated","place_keyword":"Portland, Multnomah County, Washington County, Clackamas County, Oregon","horizontal_pos_acc_link":"Taxlots","ext_flag":"E","publication_date":"2013-08-13 16:18:06.0","access_constraints":"None","use_constraints":"These data are distributed under the terms of the City of Portland Data Distribution Policy.","progress":"Complete","north_bounding_coordinate":46.08065859,"south_bounding_coordinate":44.85462409,"east_bounding_coordinate":-121.65053671,"west_bounding_coordinate":-123.47121656,"horizontal_pos_accuracy":"","theme_keyword_thesaurus":"","place_keyword_thesaurus":"","source_dataset_type":"Shapefile","file_path":"","source_server_name":"","source_instance":"","source_database_name":"","source_feature_dataset_name":"","source_feature_class_name":"","source_user_name":"","source_password":"","category":"Boundary","grid_coord_system_name":"","planar_distance_units":"","horizontal_datum_name":"","distribution_liability":"","format_name":"","online_network_resource_name":"","online_access_instructions":"","offline_media":"","offline_recording_format":"","transfer_size":"","spcs_zone_identifier":"","contact_name":"Metro Data Resource Center","contact_phone":"503-797-1742","contact_fax":"503-797-1909","contact_email":"drc@oregonmetro.gov","contact_organization":"Oregon Metro","contact_address":"600 NE Grand Ave","contact_city":"Portland","contact_state":"OR","contact_zipcode":97232,"org_phone":"503-797-1700","org_fax":"","org_email":"feedback@oregonmetro.gov","db_type":"SDE","bureau":"Metro Data Resource Center","bureau_desc":"METRO","lineage":[],"files":[{"file_id":1080,"file_name":"53542.png","file_type":"image\/png","file_desc":"","file_size":48293,"sort":"","emptybottomsort":1,"file_url":"http:\/\/dev.portlandmaps.com\/metadata\/index.cfm?action=DisplayFile&FileID=1080"}],"tables":[{"layer_table_xref_id":4381,"layer_id":53542,"table_id":162,"table_name":"CITY_METRO","table_desc":"Description of the city limits polygons.","table_jurisdiction":"","columns":[{"column_id":290779,"table_id":162,"column_name":"CITYNAME","column_desc":"","column_length":30,"column_type_id":1,"sort":1,"column_type":"String","emptybottomsort":0},{"column_id":311103,"table_id":162,"column_name":"AREA","column_desc":"","column_length":8,"column_type_id":2,"sort":1,"column_type":"Numeric","emptybottomsort":0}]}]}
