{"layer_id":52484,"title":"sidewalk_pdx","output_geodatabase":"Assets_PDOT","feature_dataset_name":"Stand-Alone","item_name":"sidewalk_pdx","category_id":50030,"bureau_id":17,"contact_id":50104,"common_id":50010,"db_type_id":50003,"originator":"City of Portland","resource_url":"","abstract":"ph","purpose":"","supplemental_information":"","last_update_date":"2013-11-14 14:55:03.0","source_last_update_date":"2015-03-19 08:02:49.0","maint_update_frequency":"Weekly","extent":"Clackamas County, Multnomah County, and Washington County, Oregon","data_type":"Vector","shape_type":"Polygon","feature_count":45401,"raster_object_type":"Grid cell","row_count":0,"column_count":0,"coordinate_resolution":"","metadata_date":"2015-03-24 00:00:00.0","theme_keyword":"ph","place_keyword":"Portland, Multnomah County, Washington County, Clackamas County, Oregon","horizontal_pos_acc_link":"Taxlots","ext_flag":"I","publication_date":"","access_constraints":"None","use_constraints":"These data are distributed uner the terms of the City of Portland Data Distribution Policy.","progress":"Complete                                ","north_bounding_coordinate":46.08065859    ,"south_bounding_coordinate":44.85462409    ,"east_bounding_coordinate":-121.65053671  ,"west_bounding_coordinate":-123.47121656  ,"horizontal_pos_accuracy":"","theme_keyword_thesaurus":"None                                    ","place_keyword_thesaurus":"None                                    ","source_dataset_type":"Personal Geodatabase","file_path":"","source_server_name":"","source_instance":"","source_database_name":"","source_feature_dataset_name":"","source_feature_class_name":"","source_user_name":"","source_password":"","category":"Transportation - Street Features","grid_coord_system_name":"NAD_1983_HARN_StatePlane_Oregon_North_FIPS_3601_Feet_Intl","planar_distance_units":"International feet       ","horizontal_datum_name":"North American Datum of 1983\/1991 (HPGN)","distribution_liability":"The information in this file was derived from digital databases on the City of Portland GIS.  Care was taken in the creation of this file. The City cannot accept any responsibility for errors, omissions, or positional accuracy. There are no warranties, expressed or implied.","format_name":"Shapefile or File Geodatabase Feature Class - Data will be provided via City of Portland FTP Site.","online_network_resource_name":"http:\/\/CivicApps.org","online_access_instructions":"City of Portland Public\/Open Data is distributed via the CivicApps Site - http:\/\/CivicApps.org.  Data not available on the CivicApps site can be requested by contacting the City of Portland CGIS Group - maps@portlandoregon.gov","offline_media":"","offline_recording_format":"","transfer_size":"varies","spcs_zone_identifier":5076,"contact_name":"Kevin York","contact_phone":"503 823-5383","contact_fax":"503 823-7576","contact_email":"Kevin.York@portlandoregon.gov","contact_organization":"City of Portland - PBOT","contact_address":"1120 SW Fifth Avenue, Suite #800","contact_city":"Portland","contact_state":"OR","contact_zipcode":97204,"org_phone":"503 823-5185","org_fax":"503 823-7576","org_email":"PBOTCommunications@portlandoregon.gov","db_type":"SDE","bureau":"Bureau of Transportation","bureau_desc":"PBOT","lineage":[],"files":[{"file_id":288,"file_name":"52484.png","file_type":"image\/png","file_desc":"","file_size":257355,"sort":"","emptybottomsort":1,"file_url":"http:\/\/dev.portlandmaps.com\/metadata\/index.cfm?action=DisplayFile&FileID=288"}],"tables":[{"layer_table_xref_id":503,"layer_id":52484,"table_id":52412,"table_name":"sidewalk_pdx","table_desc":"","table_jurisdiction":"","columns":[{"column_id":75929,"table_id":52412,"column_name":"ASSETID","column_alias":"","column_desc":"","column_length":15,"column_type_id":1,"sort":1,"column_type":"String","emptybottomsort":0},{"column_id":137463,"table_id":52412,"column_name":"LocationID","column_alias":"","column_desc":"","column_length":15,"column_type_id":0,"sort":1,"column_type":"Unknown","emptybottomsort":0},{"column_id":137464,"table_id":52412,"column_name":"ImagePath","column_alias":"","column_desc":"","column_length":255,"column_type_id":0,"sort":1,"column_type":"Unknown","emptybottomsort":0},{"column_id":191270,"table_id":52412,"column_name":"Owner","column_alias":"","column_desc":"","column_length":15,"column_type_id":0,"sort":1,"column_type":"Unknown","emptybottomsort":0},{"column_id":191271,"table_id":52412,"column_name":"MaintResp","column_alias":"","column_desc":"","column_length":15,"column_type_id":0,"sort":1,"column_type":"Unknown","emptybottomsort":0},{"column_id":265242,"table_id":52412,"column_name":"SidewalkType","column_alias":"","column_desc":"","column_length":4,"column_type_id":0,"sort":1,"column_type":"Unknown","emptybottomsort":0},{"column_id":265243,"table_id":52412,"column_name":"Material","column_alias":"","column_desc":"","column_length":4,"column_type_id":0,"sort":1,"column_type":"Unknown","emptybottomsort":0},{"column_id":265244,"table_id":52412,"column_name":"HistFeatures","column_alias":"","column_desc":"","column_length":1,"column_type_id":0,"sort":1,"column_type":"Unknown","emptybottomsort":0},{"column_id":265245,"table_id":52412,"column_name":"DrainageStyle","column_alias":"","column_desc":"","column_length":255,"column_type_id":0,"sort":1,"column_type":"Unknown","emptybottomsort":0},{"column_id":265246,"table_id":52412,"column_name":"RampStyle","column_alias":"","column_desc":"","column_length":255,"column_type_id":0,"sort":1,"column_type":"Unknown","emptybottomsort":0},{"column_id":265247,"table_id":52412,"column_name":"WarningStyle","column_alias":"","column_desc":"","column_length":255,"column_type_id":0,"sort":1,"column_type":"Unknown","emptybottomsort":0}]}]}
