{"layer_id":52963,"layer_name":"parks_trails_pdx","title":"parks_trails_pdx","dataset_name":"parks_trails_pdx","feature_class_name":"","category_id":50046,"bureau_id":16,"contact_id":50126,"common_id":50005,"db_type_id":50003,"originator":"City of Portland","resource_url":"","abstract":"This data set represents proposed and existing trail centerlines within the general vicinity of Portland, Oregon.\r\n\r\nIt is an amalgamation of many different sources compiled at many different scales.","purpose":"The purpose of this data set is to assist in trail planning and trail maintenance.","supplemental_information":"","last_update_date":"2013-10-04 18:58:02.0","source_last_update_date":"2014-05-13 18:27:41.0","maint_update_frequency":"As needed","extent":"Clackamas County, Multnomah County, and Washington County, Oregon","data_type":"Vector","shape_type":"Polyline","feature_count":2564,"raster_object_type":"Grid cell","row_count":0,"column_count":0,"coordinate_resolution":"","metadata_date":"2014-05-25 00:00:00.0","theme_keyword":"Trails, Planning, Maintenance","place_keyword":"Portland, Multnomah County, Washington County, Clackamas County, Oregon","horizontal_pos_acc_link":"Taxlots","ext_flag":"E","publication_date":"2004-01-01 00:00:00.0","access_constraints":"None","use_constraints":"These data are distributed uner the terms of the City of Portland Data Distribution Policy.","source_dataset_type":"File Geodatabase","output_geodatabase":"EGH_Public","progress":"Complete                                ","north_bounding_coordinate":46.08065859    ,"south_bounding_coordinate":44.85462409    ,"east_bounding_coordinate":-121.65053671  ,"west_bounding_coordinate":-123.47121656  ,"horizontal_pos_accuracy":"","theme_keyword_thesaurus":"None                                    ","place_keyword_thesaurus":"None                                    ","file_path":"","server_name":"","instance":"","database_name":"","user_name":"","password":"","category":"Parks","grid_coord_system_name":"State plane coordinate system 1983(91).","planar_distance_units":"International feet","horizontal_datum_name":"North American Datum of 1983\/1991 (HPGN)","distribution_liability":"The City of Portland has placed restrictions on the distribution of this data due to security concerns. The information in this file was derived from digital databases on the City of Portland GIS. Care was taken in the creation of this file. The City cannot accept any responsibility for errors, omissions, or positional accuracy. There are no warranties, expressed or implied.","format_name":"Shapefile - Data will be provided via City of Portland FTP Site.","online_network_resource_name":"http:\/\/www.portlandoregon.gov\/bts\/60510","online_access_instructions":"If the data is not available on http:\/\/CivicApps.org The City of Portland can place the data on its FTP Site by request.  Call 503-823-5198 or e-mail cgis@portlandoregon.gov for instructions.","offline_media":"CD-ROM","offline_recording_format":"ISO9660 (DOS, Unix or Macintosh)","transfer_size":"","spcs_zone_identifier":5076  ,"contact_name":"Joshua Darling","contact_phone":"503-823-2783","contact_fax":"","contact_email":"Josh.Darling@portlandoregon.gov","contact_organization":"City of Portland - PPR","contact_address":"1120 SW 5th Avenue, Suite#1302","contact_city":"Portland","contact_state":"OR","contact_zipcode":"97204-1933","org_phone":"503 823-7529","org_fax":"503 823-6007","org_email":"ParksGISSupport@portlandoregon.gov","db_type":"SDE","bureau":"Bureau of Parks and Recreation","bureau_desc":"PARKS","lineage":[],"files":[{"file_id":476,"file_name":"52963.png","file_type":"image\/png","file_desc":"","file_size":270946,"sort":"","emptybottomsort":1,"file_url":"http:\/\/dev.portlandmaps.com\/metadata\/index.cfm?action=DisplayFile&FileID=476"}],"tables":[{"layer_table_xref_id":910,"layer_id":52963,"table_id":52810,"table_name":"parks_trails_pdx","table_desc":"","table_jurisdiction":"","columns":[{"column_id":149131,"table_id":52810,"column_name":"PropertyID","column_desc":"","column_length":8,"column_type_id":2,"sort":1,"column_type":"Numeric","emptybottomsort":0},{"column_id":149132,"table_id":52810,"column_name":"Local_Name","column_desc":"","column_length":50,"column_type_id":1,"sort":1,"column_type":"String","emptybottomsort":0},{"column_id":149133,"table_id":52810,"column_name":"Type","column_desc":"","column_length":50,"column_type_id":1,"sort":1,"column_type":"String","emptybottomsort":0},{"column_id":149134,"table_id":52810,"column_name":"Status","column_desc":"","column_length":25,"column_type_id":1,"sort":1,"column_type":"String","emptybottomsort":0},{"column_id":149135,"table_id":52810,"column_name":"Manager","column_desc":"","column_length":40,"column_type_id":1,"sort":1,"column_type":"String","emptybottomsort":0},{"column_id":149136,"table_id":52810,"column_name":"Surface","column_desc":"","column_length":50,"column_type_id":1,"sort":1,"column_type":"String","emptybottomsort":0},{"column_id":149137,"table_id":52810,"column_name":"Width_ft","column_desc":"","column_length":2,"column_type_id":3,"sort":1,"column_type":"Integer","emptybottomsort":0},{"column_id":149138,"table_id":52810,"column_name":"Source","column_desc":"","column_length":16,"column_type_id":1,"sort":1,"column_type":"String","emptybottomsort":0},{"column_id":149139,"table_id":52810,"column_name":"Regional_trail","column_desc":"","column_length":20,"column_type_id":1,"sort":1,"column_type":"String","emptybottomsort":0},{"column_id":149140,"table_id":52810,"column_name":"Columbia_Slough","column_desc":"","column_length":35,"column_type_id":1,"sort":1,"column_type":"String","emptybottomsort":0},{"column_id":149141,"table_id":52810,"column_name":"Forty_Mile_Loop","column_desc":"","column_length":35,"column_type_id":1,"sort":1,"column_type":"String","emptybottomsort":0},{"column_id":149142,"table_id":52810,"column_name":"I_205","column_desc":"","column_length":30,"column_type_id":1,"sort":1,"column_type":"String","emptybottomsort":0},{"column_id":149143,"table_id":52810,"column_name":"Marine_Drive","column_desc":"","column_length":30,"column_type_id":1,"sort":1,"column_type":"String","emptybottomsort":0},{"column_id":149144,"table_id":52810,"column_name":"Marquam","column_desc":"","column_length":35,"column_type_id":1,"sort":1,"column_type":"String","emptybottomsort":0},{"column_id":149145,"table_id":52810,"column_name":"Springwater","column_desc":"","column_length":45,"column_type_id":1,"sort":1,"column_type":"String","emptybottomsort":0},{"column_id":149146,"table_id":52810,"column_name":"Willamette_Greenway","column_desc":"","column_length":35,"column_type_id":1,"sort":1,"column_type":"String","emptybottomsort":0},{"column_id":149147,"table_id":52810,"column_name":"Notes","column_desc":"","column_length":45,"column_type_id":1,"sort":1,"column_type":"String","emptybottomsort":0},{"column_id":149148,"table_id":52810,"column_name":"Red_Electric","column_desc":"","column_length":50,"column_type_id":1,"sort":1,"column_type":"String","emptybottomsort":0},{"column_id":149149,"table_id":52810,"column_name":"Hillsdale_Lake_Oswego","column_desc":"","column_length":50,"column_type_id":1,"sort":1,"column_type":"String","emptybottomsort":0},{"column_id":149150,"table_id":52810,"column_name":"Fanno_Creek_Greenway","column_desc":"","column_length":60,"column_type_id":1,"sort":1,"column_type":"String","emptybottomsort":0},{"column_id":149151,"table_id":52810,"column_name":"Miles","column_desc":"","column_length":8,"column_type_id":2,"sort":1,"column_type":"Numeric","emptybottomsort":0}]}]}
