<?xml version="1.0" encoding="utf-8" ?> 
<metadata>
	<idinfo>
		<citation>
			<citeinfo>
				<origin>Metro Data Resource Center</origin>
				<pubdate>1991</pubdate>
				<title>Vegetation Cover (1989)</title>
			</citeinfo>
		</citation>
		<descript>
			<abstract>The vegetation coverage is mapped with two datasets:  1.  The natural areas inventory using a manual interpretation of 1989 color infrared aerial photography (approximate data coverage: inside the Metro boundary).  See ; Green Spaces Master Plan; .  Used the modified USGS Anderson level II classification.  2.  Remotely sensed data; thematic mapper imagery, 1989-90 (approximate data coverage: outside the Metro boundary).</abstract>
			<purpose></purpose>
			<supplinf>gen_type.avl - draws each generalized vegetation type in a different color.  det_type.avl - draws each detailed vegetation type in a different color.; </supplinf>
		</descript>
		<timeperd>
			<timeinfo>
				<sngdate>
					<caldate>1991</caldate>
				</sngdate>
			</timeinfo>
			<current>Ground condition</current>
		</timeperd>
		<status>
			<progress>Complete</progress>
			<update>As needed</update>
		</status>
  
		<keywords>
			<theme>
				<themekt>None </themekt>
        
				<themekey>Vegetation</themekey>
				<themekey>green spaces</themekey>
				<themekey>natural areas</themekey>
				<themekey>greenspaces</themekey>
			</theme>
			<place>
				<placekt>None </placekt>
        
					<placekey>Portland</placekey>
					<placekey>Multnomah County</placekey>
					<placekey>Washington County</placekey>
					<placekey>Clackamas County</placekey>
					<placekey>Oregon</placekey>
			</place>
		</keywords>
		<accconst>None</accconst>
		<useconst>These data are sold under the agreement that the user may use the data in its business activity and for no other purpose whatsoever. User shall not allow access to the data by any other person or organization, unless authorized in writing by the Metro DRC or, if the other party is a contractor providing services to a government requiring usage of the data in order to provide contractual services.  User shall not duplicate the data except for the following:  (1) User may make one backup copy of the data, and  (2) User may translate the data into other formats and/or media.  For full product purchase agreement that accompanies these data, please see http://storefront.metro-region.org/drc/rlislite/subscribe/license.cfm</useconst>
  
	</idinfo>
	
	<dataqual>
		<posacc>
			<horizpa>
				<horizpar>
				The vegetation cover is registered to the USGS Geological Survey (USGS) 7.5 minute quadrangles.  Control point positional accuracy is plus or minus 40 feet.
				</horizpar>
			</horizpa>
		</posacc>
		<lineage>
		
			<procstep>
				<procdesc> Projection information (.prj file), compatible with ArcGIS 8.1, was added to the layer.</procdesc>
				<procdate>20010715
				</procdate>
			</procstep>
		
		</lineage>
	</dataqual>

	<spdoinfo>
		<direct>Vector</direct>
		<ptvctinf>
			<sdtsterm>
				<sdtstype> Polygon</sdtstype>
			</sdtsterm>
			<rastinfo>
				<rasttype>NA</rasttype>
			</rastinfo>
		</ptvctinf>
	</spdoinfo>

	<spref>
		<horizsys>
			<planar>
				<gridsys>
					<gridsysn>State plane coordinate system 1983.</gridsysn>
					<spcs>
						<spcszone>5076</spcszone>
					</spcs>
				</gridsys>
				<planci>
					<plandu>International feet</plandu>
				</planci>
			</planar>
			<geodetic>
				<horizdn>North American Datum of 1983/1991 (HPGN)</horizdn>
			</geodetic>
		</horizsys>
	</spref>


	<eainfo>
		<detailed>
			<enttyp>
				<enttypl>Environ.vegetation</enttypl>
				<enttypd>Description of the vegetation cover polygon attributes</enttypd>
			</enttyp>
			<attr>
				<attrlabl>FID</attrlabl>
				<attrdef>Feature ID</attrdef>
			</attr>
			<attr>
				<attrlabl>Shape</attrlabl>
				<attrdef>Column containing the shape geometry</attrdef>
			</attr>
			<attr>
				<attrlabl>Area</attrlabl>
				<attrdef>Area in square feet</attrdef>

			</attr>
			
			<attr>
				<attrlabl>Det_type</attrlabl>
				<attrdef>Detailed vegetation type.</attrdef>

				<attrdomv>

					<edom>
						<edomv>FC</edomv>
						<edomvd>Forest closed canopy</edomvd>
					</edom>
					<edom>
						<edomv>FO</edomv>
						<edomvd>Forest open canopy</edomvd>
					</edom>
					<edom>
						<edomv>FS</edomv>
						<edomvd>Forest scattered canopy</edomvd>
					</edom>
					<edom>
						<edomv>SC</edomv>
						<edomvd>Shrub-scrub, closed canopy</edomvd>
					</edom>
					<edom>
						<edomv>SO</edomv>
						<edomvd>Shrub-scrub, open canopy</edomvd>
					</edom>
					<edom>
						<edomv>SS</edomv>
						<edomvd>Shrub-scrub, scattered</edomvd>
					</edom>
					<edom>
						<edomv>CC</edomv>
						<edomvd>Clear cut</edomvd>
					</edom>
					<edom>
						<edomv>M</edomv>
						<edomvd>Meadow/grassland/emergent</edomvd>
					</edom>
					<edom>
						<edomv>A</edomv>
						<edomvd>Agriculture</edomvd>
					</edom>
					<edom>
						<edomv>B</edomv>
						<edomvd>Includes clear cut, meadow, bare land and rock</edomvd>
					</edom>
					<edom>
						<edomv>R</edomv>
						<edomvd>Rock outcrop</edomvd>
					</edom>
					<edom>
						<edomv>U</edomv>
						<edomvd>Urban</edomvd>
					</edom>
					<edom>
						<edomv>W</edomv>
						<edomvd>Water</edomvd>
					</edom>
				</attrdomv>
			</attr>
			
			<attr>
				<attrlabl>Gen_type</attrlabl>
				<attrdef>Generalized vegetation type</attrdef>

				<attrdomv>

					<edom>
						<edomv>A</edomv>
						<edomvd>Agriculture</edomvd>
					</edom>
					<edom>
						<edomv>F</edomv>
						<edomvd>Forest</edomvd>
					</edom>
					<edom>
						<edomv>M</edomv>
						<edomvd>Meadow/grassland</edomvd>
					</edom>
					<edom>
						<edomv>S</edomv>
						<edomvd>Shrub-scrub</edomvd>
					</edom>
					<edom>
						<edomv>U</edomv>
						<edomvd>Urban</edomvd>
					</edom>
					<edom>
						<edomv>W</edomv>
						<edomvd>Water</edomvd>
					</edom>
				</attrdomv>
			</attr>
			
		</detailed>

	</eainfo>

	<distinfo>
		<distrib>
			<cntinfo>
				<cntorgp>
					<cntorg>Metro Data Resource Center</cntorg>
				</cntorgp>
				<cntaddr>
					<address>600 NE Grand Ave.</address>
					<city>Portland</city>
					<state>OR</state>
					<postal>97232</postal>
				</cntaddr>
				<cntvoice>503 797-1742</cntvoice>
				<cntfax>503 797-1909</cntfax>
				<cntemail>drc@metro.dst.or.us</cntemail>
			</cntinfo>
		</distrib>
		<distliab>The information in this file was derived from digital databases on Metro's GIS. Care was taken in the creation of this file.  Metro cannot accept any responsibility for errors, omissions, or positional accuracy.  There are no warranties, expressed or implied.</distliab>
		<stdorder>
			<digform>
				<digtinfo>
					<formname>Shapefile - Hourly fee will be charged for conversion</formname>
					<transize></transize>
				</digtinfo>
				
				<digtopt>
					<offoptn>
						<offmedia>CD-ROM</offmedia>
						<recfrmt> ISO9660 (DOS, Unix, or Macintosh)</recfrmt>
					</offoptn>
				</digtopt>
				
				<digtopt>
					<onlinopt>
						<computer>
							<networka>
								<networkr>ftp.metro-region.org</networkr>
							</networka>
						</computer>
						<accinstr> Metro can place data on its FTP site on request.  In most cases, a fee for the data will be charged.  Call 503 797-1742 or email drc@metro.dst.or.us for instructions.</accinstr>
					</onlinopt>
				</digtopt>
				
			</digform>
			
			<fees>See RLIS a la carte at http://storefront.metro-region.org/drc/alacarte/index.cfm</fees>
		</stdorder>
	</distinfo>

	<metainfo>
		<metd>19990628</metd>
		<metc>
			<cntinfo>
				<cntorgp>
					<cntorg>Metro Data Resource Center</cntorg>
					<cntper>Alan Holsted</cntper>
				</cntorgp>
				<cntaddr>
					<addrtype>mailing and physical address</addrtype>
					<address>600 NE Grand Ave.</address>
					<city>Portland</city>
					<state>OR</state>
					<postal>97232</postal>
				</cntaddr>
				<cntvoice>503 797-1594</cntvoice>
				<cntfax>503 797-1909</cntfax>
				<cntemail>holsteda@metro.dst.or.us</cntemail>
			</cntinfo>
		</metc>
		<metstdn>FGDC Content Standards for Digital Geospatial Metadata</metstdn>
		<metstdv> 19940608</metstdv>
	</metainfo>
</metadata>