{"layer_id":52806,"layer_name":"signage_lighting_imp_prog_pdx","title":"signage_lighting_imp_prog_pdx","dataset_name":"signage_lighting_imp_prog_pdx","feature_class_name":"","category_id":50001,"bureau_id":14,"contact_id":50120,"common_id":50005,"db_type_id":50003,"originator":"Portland Development Commission","resource_url":"","abstract":"Signage and Lighting Improvements Product (SLIP)","purpose":"The purpose of the Signage and Lighting Improvements Product (SLIP) is to provide\r\nadditional incentives for retail businesses to invest in business signs and store window\r\nlighting to improve overall commercial facade appearance and refresh the appearance of\r\nthe retail district.","supplemental_information":"Improvement Product would pay $5,000, the SLIP would pay $3,000 and the applicant\r\nwould pay $2,000. (PDC payment amounts assume product and cost eligibility)","last_update_date":"2011-10-20 16:40:00.0","source_last_update_date":"2010-05-03 09:42:36.0","maint_update_frequency":"As needed","extent":"City of Portland","data_type":"Vector","shape_type":"Polygon","feature_count":2210,"raster_object_type":"Grid cell","row_count":0,"column_count":0,"coordinate_resolution":"","metadata_date":"2014-05-25 00:00:00.0","theme_keyword":"Signage Lighting SLIP","place_keyword":"Portland, Multnomah County,Oregon","horizontal_pos_acc_link":"Taxlots","ext_flag":"E","publication_date":"2006-01-01 00:00:00.0","access_constraints":"None","use_constraints":"These data are distributed uner the terms of the City of Portland Data Distribution Policy.","source_dataset_type":"Shapefile","output_geodatabase":"EGH_Public","progress":"Complete                                ","north_bounding_coordinate":46.08065859    ,"south_bounding_coordinate":44.85462409    ,"east_bounding_coordinate":-121.65053671  ,"west_bounding_coordinate":-123.47121656  ,"horizontal_pos_accuracy":"","theme_keyword_thesaurus":"None                                    ","place_keyword_thesaurus":"None                                    ","file_path":"","server_name":"","instance":"","database_name":"","user_name":"","password":"","category":"Boundary","grid_coord_system_name":"State plane coordinate system 1983(91).","planar_distance_units":"International feet","horizontal_datum_name":"North American Datum of 1983\/1991 (HPGN)","distribution_liability":"The City of Portland has placed restrictions on the distribution of this data due to security concerns. The information in this file was derived from digital databases on the City of Portland GIS. Care was taken in the creation of this file. The City cannot accept any responsibility for errors, omissions, or positional accuracy. There are no warranties, expressed or implied.","format_name":"Shapefile - Data will be provided via City of Portland FTP Site.","online_network_resource_name":"http:\/\/www.portlandoregon.gov\/bts\/60510","online_access_instructions":"If the data is not available on http:\/\/CivicApps.org The City of Portland can place the data on its FTP Site by request.  Call 503-823-5198 or e-mail cgis@portlandoregon.gov for instructions.","offline_media":"CD-ROM","offline_recording_format":"ISO9660 (DOS, Unix or Macintosh)","transfer_size":"","spcs_zone_identifier":5076  ,"contact_name":"Robert Smith","contact_phone":"503 823-0411","contact_fax":"503 865-3796","contact_email":"SmithR@pdc.us","contact_organization":"Portland Development Commission","contact_address":"222 NW Fifth Avenue","contact_city":"Portland","contact_state":"OR","contact_zipcode":"97209-3859","org_phone":"503 823-3200","org_fax":"503 823-3368","org_email":"smithr@pdc.us","db_type":"SDE","bureau":"Portland Development Commission","bureau_desc":"PDC","lineage":[],"files":[{"file_id":403,"file_name":"52806.png","file_type":"image\/png","file_desc":"","file_size":278936,"sort":"","emptybottomsort":1,"file_url":"http:\/\/dev.portlandmaps.com\/metadata\/index.cfm?action=DisplayFile&FileID=403"}],"tables":[{"layer_table_xref_id":757,"layer_id":52806,"table_id":52649,"table_name":"signage_lighting_imp_prog_pdx","table_desc":"","table_jurisdiction":"","columns":[{"column_id":76003,"table_id":52649,"column_name":"STATE_ID","column_desc":"","column_length":20,"column_type_id":1,"sort":1,"column_type":"String","emptybottomsort":0},{"column_id":76004,"table_id":52649,"column_name":"SITEADDR","column_desc":"","column_length":37,"column_type_id":1,"sort":1,"column_type":"String","emptybottomsort":0},{"column_id":76005,"table_id":52649,"column_name":"SITECITY","column_desc":"","column_length":30,"column_type_id":1,"sort":1,"column_type":"String","emptybottomsort":0},{"column_id":76006,"table_id":52649,"column_name":"SITE_STATE","column_desc":"","column_length":6,"column_type_id":1,"sort":1,"column_type":"String","emptybottomsort":0},{"column_id":76007,"table_id":52649,"column_name":"SITEZIP","column_desc":"","column_length":8,"column_type_id":1,"sort":1,"column_type":"String","emptybottomsort":0},{"column_id":76008,"table_id":52649,"column_name":"ELIG_CRITE","column_desc":"","column_length":120,"column_type_id":1,"sort":1,"column_type":"String","emptybottomsort":0},{"column_id":76009,"table_id":52649,"column_name":"SHAPE.area","column_desc":"","column_length":0,"column_type_id":2,"sort":1,"column_type":"Numeric","emptybottomsort":0}]}]}
