<?xml version="1.0" encoding="utf-8" ?> 
<metadata>
	<idinfo>
		<citation>
			<citeinfo>
				<origin>City of Portland</origin>
				<pubdate>1996-1997</pubdate>
				<title>zoning_pdx</title>
			</citeinfo>
		</citation>
		<descript>
			<abstract>Current zoning for the City of Portland and unincorporated portions of Multnomah County that are administered by the city.  Includes zoning designations, comprehensive plan designations, overlay zones, as well as plan, historic, and conservation districts.  Districts are also available separately.</abstract>
			<purpose>Used for producing official zoning maps and for land use analysis.</purpose>
			<supplinf>Portland Zoning.lyr; Comp plan.lyr; For a complete description of all zoning categories used in this layer, refer to: http://www.portlandonline.com/bps/index.cfm?c=36431</supplinf>
		</descript>
		<timeperd>
			<timeinfo>
				<sngdate>
					<caldate>Current</caldate>
					<updatedate>2013-05-19 22:19:52.0</updatedate>
				</sngdate>
			</timeinfo>
			<current>Ground condition</current>
		</timeperd>
		<status>
			<progress>Complete</progress>
			<update>As needed</update>
		</status>
  
		<keywords>
			<theme>
				<themekt> </themekt>
        
				<themekey>zoning</themekey>
				<themekey>overlay</themekey>
				<themekey>comprehensive plan</themekey>
				<themekey>comp plan</themekey>
			</theme>
			<place>
				<placekt> </placekt>
        
					<placekey>Portland</placekey>
					<placekey>Multnomah County</placekey>
					<placekey>Washington County</placekey>
					<placekey>Clackamas County</placekey>
					<placekey>Oregon</placekey>
			</place>
		</keywords>
		<accconst>None</accconst>
		<useconst>These data are distributed uner the terms of the City of Portland Data Distribution Policy.</useconst>
  
	</idinfo>
	
	<dataqual>
		<posacc>
			<horizpa>
				<horizpar>
				Registered to tax lots. Street center lines were digitized from aerial orthophotography at +/- 10 feet accuracy. Tax lots were fit to the street centerlines. Beaverton, Oregon City and Tigard planning areas were improved to +/- 5 feet accuracy. Multnomah County was created with coordinate geometry using better control. 
				</horizpar>
			</horizpa>
		</posacc>
		<lineage>
		
		</lineage>
	</dataqual>

	<spdoinfo>
		<direct></direct>
		<ptvctinf>
			<sdtsterm>
				<sdtstype> Polygon</sdtstype>
			</sdtsterm>
			<rastinfo>
				<rasttype>Grid cell</rasttype>
			</rastinfo>
		</ptvctinf>
	</spdoinfo>

	<spref>
		<horizsys>
			<planar>
				<gridsys>
					<gridsysn>State plane coordinate system 1983(91).</gridsysn>
					<spcs>
						<spcszone>5076</spcszone>
					</spcs>
				</gridsys>
				<planci>
					<plandu>International feet</plandu>
				</planci>
			</planar>
			<geodetic>
				<horizdn>North American Datum of 1983/1991 (HPGN)</horizdn>
			</geodetic>
		</horizsys>
	</spref>


	<eainfo>
		<detailed>
			<enttyp>
				<enttypl>zoning_pdx</enttypl>
				<enttypd></enttypd>
			</enttyp>
			<attr>
				<attrlabl>FID</attrlabl>
				<attrdef>Feature ID</attrdef>
			</attr>
			<attr>
				<attrlabl>Shape</attrlabl>
				<attrdef>Column containing the shape geometry</attrdef>
			</attr>
			<attr>
				<attrlabl>PERIMETER</attrlabl>
				<attrdef>The perimeter (in feet) of the zoning polygon</attrdef>

			</attr>
			
			<attr>
				<attrlabl>CMP_</attrlabl>
				<attrdef>A unique ID used by GIS software</attrdef>

			</attr>
			
			<attr>
				<attrlabl>CMP_ID</attrlabl>
				<attrdef>A unique ID used by GIS software</attrdef>

			</attr>
			
			<attr>
				<attrlabl>TMPZONE</attrlabl>
				<attrdef>A combination of all zoning information for this location as a text string; used for labeling polygons</attrdef>

			</attr>
			
			<attr>
				<attrlabl>ZONE</attrlabl>
				<attrdef>The base zone</attrdef>

			</attr>
			
			<attr>
				<attrlabl>CMP</attrlabl>
				<attrdef>The comprehensive plan designation</attrdef>

			</attr>
			
			<attr>
				<attrlabl>OVRLY</attrlabl>
				<attrdef>The base zoning overlays</attrdef>

			</attr>
			
			<attr>
				<attrlabl>CMPOVR</attrlabl>
				<attrdef>The comprehensive plan overlays</attrdef>

			</attr>
			
			<attr>
				<attrlabl>PLDIST</attrlabl>
				<attrdef>The plan district</attrdef>

			</attr>
			
			<attr>
				<attrlabl>HIST</attrlabl>
				<attrdef>The historic district</attrdef>

			</attr>
			
			<attr>
				<attrlabl>CONSV</attrlabl>
				<attrdef>The conservation district</attrdef>

			</attr>
			
			<attr>
				<attrlabl>NRMP</attrlabl>
				<attrdef>The "Natural Resource Management Plan" area</attrdef>

			</attr>
			
			<attr>
				<attrlabl>UPDATE_</attrlabl>
				<attrdef>The date of the last modification to the zoning polygon</attrdef>

			</attr>
			
			<attr>
				<attrlabl>UNINC</attrlabl>
				<attrdef>"Y" indicates the area is within an unincorporated county pocket</attrdef>

			</attr>
			
			<attr>
				<attrlabl>OBJECTID</attrlabl>
				<attrdef></attrdef>

			</attr>
			
		</detailed>

	</eainfo>

	<distinfo>
		<distrib>
			<cntinfo>
				<cntorgp>
					<cntorg>City of Portland - BTS/CGIS</cntorg>
				</cntorgp>
				<cntaddr>
					<address>1120 SW Fifth Avenue, Suite #450</address>
					<city>Portland</city>
					<state>OR</state>
					<postal>97204</postal>
				</cntaddr>
				<cntvoice>503 823-5632</cntvoice>
				<cntfax>503 823-9176</cntfax>
				<cntemail>CGIS@portlandoregon.gov</cntemail>
			</cntinfo>
		</distrib>
		<distliab>The information in this file was derived from digital databases on the City of Portland GIS. Care was taken in the creation of this file. The City  cannot accept any responsibility for errors, omissions, or positional accuracy.  There are no warranties, expressed or implied.</distliab>
		<stdorder>
			<digform>
				<digtinfo>
					<formname>Shapefile  - Cost Recovery fee will be charged for conversion.</formname>
					<transize>8Mb</transize>
				</digtinfo>
				
				<digtopt>
					<offoptn>
						<offmedia>CD-ROM</offmedia>
						<recfrmt> ISO9660 (DOS, Unix or Macintosh)</recfrmt>
					</offoptn>
				</digtopt>
				
				<digtopt>
					<onlinopt>
						<computer>
							<networka>
								<networkr>www.portlandonline.com</networkr>
							</networka>
						</computer>
						<accinstr> The City of Portland can place the data on a CD upon request.  In most cases, a fee will be charged for data reproduction and preparation.  Call 503-823-5632 or e-mail cgis@ci.portland.or.us for instructions.</accinstr>
					</onlinopt>
				</digtopt>
				
			</digform>
			
			<fees></fees>
		</stdorder>
	</distinfo>

	<metainfo>
		<metd>20130519</metd>
		<metc>
			<cntinfo>
				<cntorgp>
					<cntorg>Metro Data Resource Center</cntorg>
					<cntper>Gary Odenthal</cntper>
				</cntorgp>
				<cntaddr>
					<addrtype>mailing and physical address</addrtype>
					<address>600 NE Grand Ave.</address>
					<city>Portland</city>
					<state>OR</state>
					<postal>97232</postal>
				</cntaddr>
				<cntvoice>503 823-7982</cntvoice>
				<cntfax>503 823-7800</cntfax>
				<cntemail>gary.odenthal@portlandoregon.gov</cntemail>
			</cntinfo>
		</metc>
		<metstdn>FGDC Content Standards for Digital Geospatial Metadata</metstdn>
		<metstdv> 19940608</metstdv>
	</metainfo>
</metadata> 
</td></td></td></th></th></th></tr></tr></tr></table></table></table></a></abbrev></acronym></address></applet></au></b></banner></big></blink></blockquote></bq></caption></center></cite></code></comment></del></dfn></dir></div></div></dl></em></fig></fn></font></form></frame></frameset></h1></h2></h3></h4></h5></h6></head>; </ins></kbd></listing></map></marquee></menu></multicol></nobr></noframes></noscript></note></ol></p></param></person></plaintext></pre></q></s></samp></script></select></small></strike></strong></sub></sup></table></td></textarea></th></title></tr></tt></u></ul></var></wbr></xmp>
<style type="text/css">
.cfdebug
{
	color:black; 
	background-color:white; 
	font-family:"Times New Roman", Times, serif; 
	font-size:small
}

.cfdebuglge
{
	color:black; 
	background-color:white; 
	font-family:"Times New Roman", Times, serif; 
	font-size:medium;
}

a.cfdebuglink {color:blue; background-color:white }
</style>
<table class="cfdebug" bgcolor="white">
<tr>
	<td>

		<p class="cfdebug"><hr/>
		<b class="cfdebuglge"><a name="cfdebug_top">Debugging Information</a></b>
		<table class="cfdebug">
		<tr>
			<td class="cfdebug" nowrap>ColdFusion Server Enterprise</td>
			<td class="cfdebug">9,0,1,274733</td>
		</tr>
		<tr>
			<td class="cfdebug" nowrap> Template </td>
			<td class="cfdebug">/cgis/metadata/editor/xmlout.cfm</td>
		</tr>
		<tr>
			<td class="cfdebug" nowrap> Time Stamp </td>
			<td class="cfdebug">21-May-13 05:33 PM</td>
		</tr>
		<tr>
			<td class="cfdebug" nowrap> Locale </td>
			<td class="cfdebug">English (US)</td>
		</tr>
		<tr>
			<td class="cfdebug" nowrap> User Agent </td>
			<td class="cfdebug">ColdFusion</td>
		</tr>
		<tr>
			<td class="cfdebug" nowrap> Remote IP </td>
			<td class="cfdebug">127.0.0.1</td>
		</tr>
		<tr>
			<td class="cfdebug" nowrap> Host Name </td>
			<td class="cfdebug">127.0.0.1</td>
		</tr>
		</table>
		</p>
		
			<style type="text/css">
            .template
            {	color: black; 
            	font-family: "Times New Roman", Times, serif; 
            	font-weight: normal; }
            .template_overage
            {	color: red; 
            	background-color: white; 
            	font-family: "Times New Roman", Times, serif; 
            	font-weight: bold; }
            </style>
       		<p class="cfdebug"><hr/><b class="cfdebuglge"><a name="cfdebug_execution">Execution Time</a></b></p>
            <a name="cfdebug_templates">
        
                <table border="1" cellpadding="2" cellspacing="0" class="cfdebug">
                <tr>
					<td class="cfdebug" align="center"><b>Total Time</b></td>
					<td class="cfdebug" align="center"><b>Avg Time</b></td>
					<td class="cfdebug" align="center"><b>Count</b></td>
					<td class="cfdebug"><b>Template</b></td>
				</tr>
                
    
                        <tr>
							
    	                        <td align="right" class="cfdebug" nowrap>63 ms</td>
							
                            <td align="right" class="cfdebug" nowrap>63 ms</td>
                            <td align="center" class="cfdebug" nowrap>1</td>
                            <td align="left" class="cfdebug" nowrap><img src='/CFIDE/debug/images/topdoc.gif' alt='top level' border='0'> <b>D:\IISroot\PortlandOnline\cgis\metadata\editor\xmlout.cfm</b></td>
                        </tr>
                        
    
                        <tr>
							
    	                        <td align="right" class="cfdebug" nowrap>0 ms</td>
							
                            <td align="right" class="cfdebug" nowrap>0 ms</td>
                            <td align="center" class="cfdebug" nowrap>1</td>
                            <td align="left" class="cfdebug" nowrap>D&#x3a;&#x2f;IISroot&#x2f;PortlandOnline&#x2f;Application.cfm</td>
                        </tr>
                        
                <tr>
					<td align="right" class="cfdebug" nowrap>; 0 ms; </td><td colspan=2>&nbsp;</td>
                    <td align="left" class="cfdebug">; STARTUP, PARSING, COMPILING, LOADING, &amp; SHUTDOWN; </td>
				</tr>
                <tr>
					<td align="right" class="cfdebug" nowrap>; 63 ms; </td><td colspan=2>&nbsp;</td>
                    <td align="left" class="cfdebug">; TOTAL EXECUTION TIME; </td>
				</tr>
                </table>
                <font color="red"><span class="template_overage">red = over 250 ms average execution time</span></font>
                </a>
            	
		<p class="cfdebug"><hr/><b class="cfdebuglge"><a name="cfdebug_sql">SQL Queries</a></b></p>
		
			<code><b>layer</b> (Datasource=drcrlis, Time=16ms, Records=1) in D:\IISroot\PortlandOnline\cgis\metadata\editor\xmlout.cfm @ 17:33:40.040</code><br />
			<pre>
  SELECT * 
  FROM metadata_layer l, metadata_common c, metadata_contact con
  WHERE l.layer_id = 52098 AND l.common_id = c.common_id AND 
	      l.meta_contact_id = con.meta_contact_id
</pre>
			
			
			<code><b>lineage</b> (Datasource=drcrlis, Time=0ms, Records=0) in D:\IISroot\PortlandOnline\cgis\metadata\editor\xmlout.cfm @ 17:33:40.040</code><br />
			<pre>
  SELECT process_desc,process_date 
  FROM metadata_lineage
  WHERE layer_id = 52098
  ORDER BY process_date
</pre>
			
			
			<code><b>GetTable</b> (Datasource=drcrlis, Time=0ms, Records=1) in D:\IISroot\PortlandOnline\cgis\metadata\editor\xmlout.cfm @ 17:33:40.040</code><br />
			<pre>
  SELECT * 
	FROM
  
      metadata_lay2sdetab lt, metadata_table t
  
  WHERE lt.layer_id = 52098 AND lt.table_id = t.table_id
</pre>
			
			
			<code><b>transfer_on</b> (Datasource=drcrlis, Time=16ms, Records=1) in D:\IISroot\PortlandOnline\cgis\metadata\editor\xmlout.cfm @ 17:33:40.040</code><br />
			<pre>
	SELECT network_resource_name, access_instructions
	FROM metadata_layer l, metadata_transfer_on t
	WHERE layer_id = 52098 AND l.common_id = t.common_id
</pre>
			
			
			<code><b>transfer_off</b> (Datasource=drcrlis, Time=0ms, Records=1) in D:\IISroot\PortlandOnline\cgis\metadata\editor\xmlout.cfm @ 17:33:40.040</code><br />
			<pre>
	SELECT offline_media, recording_format
	FROM metadata_layer l, metadata_transfer_off t
	WHERE layer_id = 52098 AND l.common_id = t.common_id
</pre>
			
			
			<code><b>GetColumn</b> (Datasource=drcrlis, Time=0ms, Records=15) in D:\IISroot\PortlandOnline\cgis\metadata\editor\xmlout.cfm @ 17:33:40.040</code><br />
			<pre>SELECT * FROM metadata_column WHERE table_id = 52023 order by sort</pre>
			
			
			<code><b>GetDomain</b> (Datasource=drcrlis, Time=0ms, Records=0) in D:\IISroot\PortlandOnline\cgis\metadata\editor\xmlout.cfm @ 17:33:40.040</code><br />
			<pre>
	SELECT *
	FROM metadata_domain
	WHERE column_id = 54476 order by sort
</pre>
			
			
			<code><b>GetDomain</b> (Datasource=drcrlis, Time=0ms, Records=0) in D:\IISroot\PortlandOnline\cgis\metadata\editor\xmlout.cfm @ 17:33:40.040</code><br />
			<pre>
	SELECT *
	FROM metadata_domain
	WHERE column_id = 54477 order by sort
</pre>
			
			
			<code><b>GetDomain</b> (Datasource=drcrlis, Time=0ms, Records=0) in D:\IISroot\PortlandOnline\cgis\metadata\editor\xmlout.cfm @ 17:33:40.040</code><br />
			<pre>
	SELECT *
	FROM metadata_domain
	WHERE column_id = 54478 order by sort
</pre>
			
			
			<code><b>GetDomain</b> (Datasource=drcrlis, Time=0ms, Records=0) in D:\IISroot\PortlandOnline\cgis\metadata\editor\xmlout.cfm @ 17:33:40.040</code><br />
			<pre>
	SELECT *
	FROM metadata_domain
	WHERE column_id = 54479 order by sort
</pre>
			
			
			<code><b>GetDomain</b> (Datasource=drcrlis, Time=0ms, Records=0) in D:\IISroot\PortlandOnline\cgis\metadata\editor\xmlout.cfm @ 17:33:40.040</code><br />
			<pre>
	SELECT *
	FROM metadata_domain
	WHERE column_id = 54480 order by sort
</pre>
			
			
			<code><b>GetDomain</b> (Datasource=drcrlis, Time=0ms, Records=0) in D:\IISroot\PortlandOnline\cgis\metadata\editor\xmlout.cfm @ 17:33:40.040</code><br />
			<pre>
	SELECT *
	FROM metadata_domain
	WHERE column_id = 54481 order by sort
</pre>
			
			
			<code><b>GetDomain</b> (Datasource=drcrlis, Time=0ms, Records=0) in D:\IISroot\PortlandOnline\cgis\metadata\editor\xmlout.cfm @ 17:33:40.040</code><br />
			<pre>
	SELECT *
	FROM metadata_domain
	WHERE column_id = 54482 order by sort
</pre>
			
			
			<code><b>GetDomain</b> (Datasource=drcrlis, Time=0ms, Records=0) in D:\IISroot\PortlandOnline\cgis\metadata\editor\xmlout.cfm @ 17:33:40.040</code><br />
			<pre>
	SELECT *
	FROM metadata_domain
	WHERE column_id = 54483 order by sort
</pre>
			
			
			<code><b>GetDomain</b> (Datasource=drcrlis, Time=0ms, Records=0) in D:\IISroot\PortlandOnline\cgis\metadata\editor\xmlout.cfm @ 17:33:40.040</code><br />
			<pre>
	SELECT *
	FROM metadata_domain
	WHERE column_id = 54484 order by sort
</pre>
			
			
			<code><b>GetDomain</b> (Datasource=drcrlis, Time=16ms, Records=0) in D:\IISroot\PortlandOnline\cgis\metadata\editor\xmlout.cfm @ 17:33:40.040</code><br />
			<pre>
	SELECT *
	FROM metadata_domain
	WHERE column_id = 54485 order by sort
</pre>
			
			
			<code><b>GetDomain</b> (Datasource=drcrlis, Time=0ms, Records=0) in D:\IISroot\PortlandOnline\cgis\metadata\editor\xmlout.cfm @ 17:33:40.040</code><br />
			<pre>
	SELECT *
	FROM metadata_domain
	WHERE column_id = 54486 order by sort
</pre>
			
			
			<code><b>GetDomain</b> (Datasource=drcrlis, Time=0ms, Records=0) in D:\IISroot\PortlandOnline\cgis\metadata\editor\xmlout.cfm @ 17:33:40.040</code><br />
			<pre>
	SELECT *
	FROM metadata_domain
	WHERE column_id = 54487 order by sort
</pre>
			
			
			<code><b>GetDomain</b> (Datasource=drcrlis, Time=0ms, Records=0) in D:\IISroot\PortlandOnline\cgis\metadata\editor\xmlout.cfm @ 17:33:40.040</code><br />
			<pre>
	SELECT *
	FROM metadata_domain
	WHERE column_id = 54488 order by sort
</pre>
			
			
			<code><b>GetDomain</b> (Datasource=drcrlis, Time=0ms, Records=0) in D:\IISroot\PortlandOnline\cgis\metadata\editor\xmlout.cfm @ 17:33:40.040</code><br />
			<pre>
	SELECT *
	FROM metadata_domain
	WHERE column_id = 54489 order by sort
</pre>
			
			
			<code><b>GetDomain</b> (Datasource=drcrlis, Time=0ms, Records=0) in D:\IISroot\PortlandOnline\cgis\metadata\editor\xmlout.cfm @ 17:33:40.040</code><br />
			<pre>
	SELECT *
	FROM metadata_domain
	WHERE column_id = 259143 order by sort
</pre>
			
			
<p class="cfdebug"><hr/><b class="cfdebuglge"><a name="cfdebug_scopevars">Scope Variables</a></b></p>


<pre><b>Application Variables:</b>
applicationname=PortlandOnline
</pre>

<pre><b>CGI Variables:</b>
AUTH_PASSWORD=
AUTH_TYPE=
AUTH_USER=
CERT_COOKIE=
CERT_FLAGS=
CERT_ISSUER=
CERT_KEYSIZE=
CERT_SECRETKEYSIZE=
CERT_SERIALNUMBER=
CERT_SERVER_ISSUER=
CERT_SERVER_SUBJECT=
CERT_SUBJECT=
CF_TEMPLATE_PATH=D:\IISroot\PortlandOnline\cgis\metadata\editor\xmlout.cfm
CONTENT_LENGTH=
CONTENT_TYPE=
CONTEXT_PATH=
GATEWAY_INTERFACE=CGI/1.1
HTTPS=off
HTTPS_KEYSIZE=
HTTPS_SECRETKEYSIZE=
HTTPS_SERVER_ISSUER=
HTTPS_SERVER_SUBJECT=
HTTP_ACCEPT=
HTTP_ACCEPT_ENCODING=deflate, gzip, x-gzip, compress, x-compress
HTTP_ACCEPT_LANGUAGE=
HTTP_CONNECTION=close, TE
HTTP_COOKIE=
HTTP_HOST=dev.portlandonline.com
HTTP_REFERER=
HTTP_USER_AGENT=ColdFusion
PATH_INFO=/cgis/metadata/editor/xmlout.cfm
PATH_TRANSLATED=D:\IISroot\PortlandOnline\cgis\metadata\editor\xmlout.cfm
QUERY_STRING=Meta_layer_id=52098&amp;Db_type=sde
REMOTE_ADDR=127.0.0.1
REMOTE_HOST=127.0.0.1
REMOTE_USER=
REQUEST_METHOD=GET
SCRIPT_NAME=/cgis/metadata/editor/xmlout.cfm
SERVER_NAME=dev.portlandonline.com
SERVER_PORT=80
SERVER_PORT_SECURE=0
SERVER_PROTOCOL=HTTP/1.1
SERVER_SOFTWARE=Microsoft-IIS/7.5
WEB_SERVER_API=
</pre>

<pre><b>Server Variables:</b>
HOSTNAME=CGISWEBDEV
coldfusion=Struct (9)
os=Struct (5)
</pre>

<pre><b>URL Parameters:</b>
Db_type=sde
Meta_layer_id=52098
</pre>

<font size="-1" class="cfdebug">; Debug Rendering Time: 31 ms; </font><br />

	</td>
</tr>
</table>
