<metadata xml:lang="en"><Esri><CreaDate>20140326</CreaDate><CreaTime>14105200</CreaTime><SyncOnce>FALSE</SyncOnce><DataProperties><lineage><Process ToolSource="C:\Program Files (x86)\ArcGIS\ArcToolbox\Toolboxes\Data Management Tools.tbx\DeleteFeatures" Date="20131121" Time="183018">DeleteFeatures "Database Connections\pdotsqlgis2.Assets@pdot.sde\Assets.PDOT.StreetLight" "Database Connections\pdotsqlgis2.Assets@pdot.sde\Assets.PDOT.StreetLight"</Process><Process ToolSource="C:\Program Files (x86)\ArcGIS\ArcToolbox\Toolboxes\Conversion Tools.tbx\FeatureClassToFeatureClass" Date="20131121" Time="184950">FeatureClassToFeatureClass "Database Connections\pdotsqlgis2.Assets@pdot.sde\Assets.PDOT.StreetLight" "Database Connections\pdotsqlgis1.Assets@pdot.sde" StreetLight # "ModifiedBy 'ModifiedBy' true false false 30 Text 0 0 ,First,#,Database Connections\pdotsqlgis2.Assets@pdot.sde\Assets.PDOT.StreetLight,ModifiedBy,-1,-1;ModifiedOn 'ModifiedOn' true false false 36 Date 0 0 ,First,#,Database Connections\pdotsqlgis2.Assets@pdot.sde\Assets.PDOT.StreetLight,ModifiedOn,-1,-1;ModifiedUsing 'ModifiedUsing' true false false 30 Text 0 0 ,First,#,Database Connections\pdotsqlgis2.Assets@pdot.sde\Assets.PDOT.StreetLight,ModifiedUsing,-1,-1;Comments 'Comments' true true false 255 Text 0 0 ,First,#,Database Connections\pdotsqlgis2.Assets@pdot.sde\Assets.PDOT.StreetLight,Comments,-1,-1;AssetID 'AssetID' true false false 15 Text 0 0 ,First,#,Database Connections\pdotsqlgis2.Assets@pdot.sde\Assets.PDOT.StreetLight,AssetID,-1,-1;Status 'Status' true true false 14 Text 0 0 ,First,#,Database Connections\pdotsqlgis2.Assets@pdot.sde\Assets.PDOT.StreetLight,Status,-1,-1;Owner 'Owner' true true false 15 Text 0 0 ,First,#,Database Connections\pdotsqlgis2.Assets@pdot.sde\Assets.PDOT.StreetLight,Owner,-1,-1;MaintResp 'MaintResp' true true false 15 Text 0 0 ,First,#,Database Connections\pdotsqlgis2.Assets@pdot.sde\Assets.PDOT.StreetLight,MaintResp,-1,-1;LocationID 'LocationID' true true false 15 Text 0 0 ,First,#,Database Connections\pdotsqlgis2.Assets@pdot.sde\Assets.PDOT.StreetLight,LocationID,-1,-1;ImagePath 'ImagePath' true true false 255 Text 0 0 ,First,#,Database Connections\pdotsqlgis2.Assets@pdot.sde\Assets.PDOT.StreetLight,ImagePath,-1,-1;PowerSupplier 'PowerSupplier' true true false 8 Text 0 0 ,First,#,Database Connections\pdotsqlgis2.Assets@pdot.sde\Assets.PDOT.StreetLight,PowerSupplier,-1,-1;IsMetered 'IsMetered' true true false 1 Text 0 0 ,First,#,Database Connections\pdotsqlgis2.Assets@pdot.sde\Assets.PDOT.StreetLight,IsMetered,-1,-1;Engineer 'Engineer' true true false 30 Text 0 0 ,First,#,Database Connections\pdotsqlgis2.Assets@pdot.sde\Assets.PDOT.StreetLight,Engineer,-1,-1;Electrician 'Electrician' true true false 30 Text 0 0 ,First,#,Database Connections\pdotsqlgis2.Assets@pdot.sde\Assets.PDOT.StreetLight,Electrician,-1,-1;LightID 'LightID_' true true false 4 Long 0 10 ,First,#,Database Connections\pdotsqlgis2.Assets@pdot.sde\Assets.PDOT.StreetLight,LightID,-1,-1;ElectricMountOID 'ElectricMountOID' true true false 4 Long 0 10 ,First,#,Database Connections\pdotsqlgis2.Assets@pdot.sde\Assets.PDOT.StreetLight,ElectricMountOID,-1,-1;StLightCircuitOID 'StLightCircuitOID' true true false 4 Long 0 10 ,First,#,Database Connections\pdotsqlgis2.Assets@pdot.sde\Assets.PDOT.StreetLight,StLightCircuitOID,-1,-1;Rotation 'Rotation' true false false 8 Double 2 10 ,First,#,Database Connections\pdotsqlgis2.Assets@pdot.sde\Assets.PDOT.StreetLight,Rotation,-1,-1;LIP 'LIP' true true false 15 Text 0 0 ,First,#,Database Connections\pdotsqlgis2.Assets@pdot.sde\Assets.PDOT.StreetLight,LIP,-1,-1;SupplyVoltage 'SupplyVoltage' true true false 12 Text 0 0 ,First,#,Database Connections\pdotsqlgis2.Assets@pdot.sde\Assets.PDOT.StreetLight,SupplyVoltage,-1,-1;Manufacturer 'Manufacturer' true true false 24 Text 0 0 ,First,#,Database Connections\pdotsqlgis2.Assets@pdot.sde\Assets.PDOT.StreetLight,Manufacturer,-1,-1;SerialNumber 'SerialNumber' true true false 50 Text 0 0 ,First,#,Database Connections\pdotsqlgis2.Assets@pdot.sde\Assets.PDOT.StreetLight,SerialNumber,-1,-1;LampCode 'LampCode' true true false 4 Text 0 0 ,First,#,Database Connections\pdotsqlgis2.Assets@pdot.sde\Assets.PDOT.StreetLight,LampCode,-1,-1;LampCodeDesc 'LampCodeDesc' true true false 100 Text 0 0 ,First,#,Database Connections\pdotsqlgis2.Assets@pdot.sde\Assets.PDOT.StreetLight,LampCodeDesc,-1,-1;MastArmLength 'MastArmLength' true true false 2 Short 0 5 ,First,#,Database Connections\pdotsqlgis2.Assets@pdot.sde\Assets.PDOT.StreetLight,MastArmLength,-1,-1;PoleNumber 'PoleNumber' true true false 4 Long 0 10 ,First,#,Database Connections\pdotsqlgis2.Assets@pdot.sde\Assets.PDOT.StreetLight,PoleNumber,-1,-1" # "Database Connections\pdotsqlgis1.Assets@pdot.sde\Assets.PDOT.StreetLight"</Process><Process ToolSource="C:\Program Files (x86)\ArcGIS\ArcToolbox\Toolboxes\Data Management Tools.tbx\CopyFeatures" Date="20140306" Time="052221">CopyFeatures PDOT.tempLayer43 C:\schjobs\AssetsDistr\Assets_20140306.mdb\STREETLIGHT # 0 0 0</Process></lineage><itemProps><itemLocation><linkage Sync="TRUE">file://\\WS14247\D$\Temp\GoogleFiber\Shapes\Streetlights.shp</linkage><protocol Sync="TRUE">Local Area Network</protocol></itemLocation><itemName Sync="TRUE">Streetlights</itemName><imsContentType Sync="TRUE">002</imsContentType><nativeExtBox><westBL Sync="TRUE">7604590.750226</westBL><eastBL Sync="TRUE">7697812.000000</eastBL><southBL Sync="TRUE">649240.000000</southBL><northBL Sync="TRUE">727310.557063</northBL><exTypeCode Sync="TRUE">1</exTypeCode></nativeExtBox><itemSize Sync="TRUE">0.000</itemSize></itemProps><coordRef><type Sync="TRUE">Projected</type><geogcsn Sync="TRUE">GCS_North_American_1983_HARN</geogcsn><csUnits Sync="TRUE">Linear Unit: Foot (0.304800)</csUnits><projcsn Sync="TRUE">NAD_1983_HARN_StatePlane_Oregon_North_FIPS_3601_Feet_Intl</projcsn><peXml Sync="TRUE">&lt;ProjectedCoordinateSystem xsi:type='typens:ProjectedCoordinateSystem' xmlns:xsi='http://www.w3.org/2001/XMLSchema-instance' xmlns:xs='http://www.w3.org/2001/XMLSchema' xmlns:typens='http://www.esri.com/schemas/ArcGIS/10.1'&gt;&lt;WKT&gt;PROJCS[&amp;quot;NAD_1983_HARN_StatePlane_Oregon_North_FIPS_3601_Feet_Intl&amp;quot;,GEOGCS[&amp;quot;GCS_North_American_1983_HARN&amp;quot;,DATUM[&amp;quot;D_North_American_1983_HARN&amp;quot;,SPHEROID[&amp;quot;GRS_1980&amp;quot;,6378137.0,298.257222101]],PRIMEM[&amp;quot;Greenwich&amp;quot;,0.0],UNIT[&amp;quot;Degree&amp;quot;,0.0174532925199433]],PROJECTION[&amp;quot;Lambert_Conformal_Conic&amp;quot;],PARAMETER[&amp;quot;false_easting&amp;quot;,8202099.737532808],PARAMETER[&amp;quot;false_northing&amp;quot;,0.0],PARAMETER[&amp;quot;central_meridian&amp;quot;,-120.5],PARAMETER[&amp;quot;standard_parallel_1&amp;quot;,44.33333333333334],PARAMETER[&amp;quot;standard_parallel_2&amp;quot;,46.0],PARAMETER[&amp;quot;latitude_of_origin&amp;quot;,43.66666666666666],UNIT[&amp;quot;Foot&amp;quot;,0.3048],AUTHORITY[&amp;quot;EPSG&amp;quot;,2913]]&lt;/WKT&gt;&lt;XOrigin&gt;-111333600&lt;/XOrigin&gt;&lt;YOrigin&gt;-98152500&lt;/YOrigin&gt;&lt;XYScale&gt;37675770.731007516&lt;/XYScale&gt;&lt;ZOrigin&gt;-100000&lt;/ZOrigin&gt;&lt;ZScale&gt;10000&lt;/ZScale&gt;&lt;MOrigin&gt;-100000&lt;/MOrigin&gt;&lt;MScale&gt;10000&lt;/MScale&gt;&lt;XYTolerance&gt;0.0032808398950131233&lt;/XYTolerance&gt;&lt;ZTolerance&gt;0.001&lt;/ZTolerance&gt;&lt;MTolerance&gt;0.001&lt;/MTolerance&gt;&lt;HighPrecision&gt;true&lt;/HighPrecision&gt;&lt;WKID&gt;2913&lt;/WKID&gt;&lt;LatestWKID&gt;2913&lt;/LatestWKID&gt;&lt;/ProjectedCoordinateSystem&gt;</peXml></coordRef></DataProperties><SyncDate>20140429</SyncDate><SyncTime>13030800</SyncTime><ModDate>20140429</ModDate><ModTime>13030800</ModTime><ArcGISFormat>1.0</ArcGISFormat><ArcGISstyle>FGDC CSDGM Metadata</ArcGISstyle></Esri><idinfo><native Sync="TRUE">Microsoft Windows Vista Version 6.1 (Build 7601) Service Pack 1; ESRI ArcCatalog 9.3.1.4000</native><descript><langdata Sync="TRUE">en</langdata><abstract>REQUIRED: A brief narrative summary of the data set.</abstract><purpose>REQUIRED: A summary of the intentions with which the data set was developed.</purpose></descript><citation><citeinfo><origin>REQUIRED: The name of an organization or individual that developed the data set.</origin><pubdate>REQUIRED: The date when the data set is published or otherwise made available for release.</pubdate><title Sync="TRUE">STREETLIGHT</title><ftname Sync="TRUE">STREETLIGHT</ftname><geoform Sync="TRUE">vector digital data</geoform><onlink Sync="TRUE">Server=CGIS2; Service=SDE:SQLServer:CGIS2\SQL2008; Database=ASSETS_PDOT; User=ArcMap_Admin; Version=sde.DEFAULT</onlink></citeinfo></citation><timeperd><current>REQUIRED: The basis on which the time period of content information is determined.</current><timeinfo><sngdate><caldate>REQUIRED: The year (and optionally month, or month and day) for which the data set corresponds to the ground.</caldate></sngdate></timeinfo></timeperd><status><progress>REQUIRED: The state of the data set.</progress><update>REQUIRED: The frequency with which changes and additions are made to the data set after the initial data set is completed.</update></status><spdom><bounding><westbc Sync="TRUE">REQUIRED: Western-most coordinate of the limit of coverage expressed in longitude.</westbc><eastbc Sync="TRUE">REQUIRED: Eastern-most coordinate of the limit of coverage expressed in longitude.</eastbc><northbc Sync="TRUE">REQUIRED: Northern-most coordinate of the limit of coverage expressed in latitude.</northbc><southbc Sync="TRUE">REQUIRED: Southern-most coordinate of the limit of coverage expressed in latitude.</southbc></bounding></spdom><keywords><theme><themekt>REQUIRED: Reference to a formally registered thesaurus or a similar authoritative source of theme keywords.</themekt><themekey>REQUIRED: Common-use word or phrase used to describe the subject of the data set.</themekey></theme></keywords><accconst>REQUIRED: Restrictions and legal prerequisites for accessing the data set.</accconst><useconst>REQUIRED: Restrictions and legal prerequisites for using the data set after access is granted.</useconst><natvform Sync="TRUE">Personal GeoDatabase Feature Class</natvform></idinfo><dataIdInfo><envirDesc Sync="TRUE">Microsoft Windows 7 Version 6.1 (Build 7601) Service Pack 1; Esri ArcGIS 10.2.0.3348</envirDesc><dataLang><languageCode Sync="TRUE" value="eng"></languageCode><countryCode value="USA" Sync="TRUE"></countryCode></dataLang><idCitation><resTitle Sync="TRUE">Streetlights</resTitle><presForm><PresFormCd Sync="TRUE" value="005"></PresFormCd></presForm></idCitation><spatRpType><SpatRepTypCd Sync="TRUE" value="001"></SpatRepTypCd></spatRpType><dataExt><geoEle><GeoBndBox esriExtentType="search"><exTypeCode Sync="TRUE">1</exTypeCode><westBL Sync="TRUE">-122.836362</westBL><eastBL Sync="TRUE">-122.464587</eastBL><northBL Sync="TRUE">45.644726</northBL><southBL Sync="TRUE">45.423877</southBL></GeoBndBox></geoEle></dataExt></dataIdInfo><metainfo><langmeta Sync="TRUE">en</langmeta><metstdn Sync="TRUE">FGDC Content Standards for Digital Geospatial Metadata</metstdn><metstdv Sync="TRUE">FGDC-STD-001-1998</metstdv><mettc Sync="TRUE">local time</mettc><metc><cntinfo><cntorgp><cntper>REQUIRED: The person responsible for the metadata information.</cntper><cntorg>REQUIRED: The organization responsible for the metadata information.</cntorg></cntorgp><cntaddr><addrtype>REQUIRED: The mailing and/or physical address for the organization or individual.</addrtype><city>REQUIRED: The city of the address.</city><state>REQUIRED: The state or province of the address.</state><postal>REQUIRED: The ZIP or other postal code of the address.</postal></cntaddr><cntvoice>REQUIRED: The telephone number by which individuals can speak to the organization or individual.</cntvoice></cntinfo></metc><metd Sync="TRUE">20140306</metd></metainfo><mdLang><languageCode Sync="TRUE" value="eng"></languageCode><countryCode value="USA" Sync="TRUE"></countryCode></mdLang><mdStanName Sync="TRUE">ISO 19115 Geographic Information - Metadata</mdStanName><mdStanVer Sync="TRUE">DIS_ESRI1.0</mdStanVer><mdChar><CharSetCd Sync="TRUE" value="004"></CharSetCd></mdChar><mdHrLv><ScopeCd Sync="TRUE" value="005"></ScopeCd></mdHrLv><mdHrLvName Sync="TRUE">dataset</mdHrLvName><distinfo><resdesc Sync="TRUE">Downloadable Data</resdesc></distinfo><distInfo><distributor><distorTran><onLineSrc><orDesc Sync="TRUE">002</orDesc><linkage Sync="TRUE">Server=CGIS2; Service=SDE:SQLServer:CGIS2\SQL2008; Database=ASSETS_PDOT; User=ArcMap_Admin; Version=sde.DEFAULT</linkage><protocol Sync="TRUE">ArcSDE Connection</protocol></onLineSrc></distorTran><distorFormat><formatName Sync="TRUE">Personal GeoDatabase Feature Class</formatName></distorFormat></distributor><distFormat><formatName Sync="TRUE">Shapefile</formatName></distFormat><distTranOps><transSize Sync="TRUE">0.000</transSize></distTranOps></distInfo><spdoinfo><direct Sync="TRUE">Vector</direct><ptvctinf><esriterm Name="Streetlights"><efeatyp Sync="TRUE">Simple</efeatyp><efeageom code="1" Sync="TRUE"></efeageom><esritopo Sync="TRUE">FALSE</esritopo><efeacnt Sync="TRUE">0</efeacnt><spindex Sync="TRUE">FALSE</spindex><linrefer Sync="TRUE">FALSE</linrefer></esriterm></ptvctinf></spdoinfo><spref><horizsys><cordsysn><geogcsn Sync="TRUE">GCS_North_American_1983_HARN</geogcsn><projcsn Sync="TRUE">NAD_1983_HARN_StatePlane_Oregon_North_FIPS_3601_Feet_Intl</projcsn></cordsysn><planar><planci><plance Sync="TRUE">coordinate pair</plance><plandu Sync="TRUE">international feet</plandu><coordrep><absres Sync="TRUE">0.000000</absres><ordres Sync="TRUE">0.000000</ordres></coordrep></planci></planar><geodetic><horizdn Sync="TRUE">D_North_American_1983_HARN</horizdn><ellips Sync="TRUE">Geodetic Reference System 80</ellips><semiaxis Sync="TRUE">6378137.000000</semiaxis><denflat Sync="TRUE">298.257222</denflat></geodetic></horizsys><vertdef><altsys><altenc Sync="TRUE">Explicit elevation coordinate included with horizontal coordinates</altenc><altres Sync="TRUE">1.000000</altres></altsys></vertdef></spref><refSysInfo><RefSystem><refSysID><identCode Sync="TRUE" code="2913">NAD_1983_HARN_StatePlane_Oregon_North_FIPS_3601_Feet_Intl</identCode><idCodeSpace Sync="TRUE">EPSG</idCodeSpace><idVersion Sync="TRUE">8.1.1</idVersion></refSysID></RefSystem></refSysInfo><spatRepInfo><VectSpatRep><geometObjs Name="Streetlights"><geoObjTyp><GeoObjTypCd value="004" Sync="TRUE"></GeoObjTypCd></geoObjTyp><geoObjCnt Sync="TRUE">0</geoObjCnt></geometObjs><topLvl><TopoLevCd value="001" Sync="TRUE"></TopoLevCd></topLvl></VectSpatRep></spatRepInfo><eainfo><detailed Name="Streetlights"><enttyp><enttypl Sync="TRUE">Streetlights</enttypl><enttypt Sync="TRUE">Feature Class</enttypt><enttypc Sync="TRUE">0</enttypc></enttyp><attr><attrlabl Sync="TRUE">FID</attrlabl><attalias Sync="TRUE">FID</attalias><attrtype Sync="TRUE">OID</attrtype><attwidth Sync="TRUE">4</attwidth><atprecis Sync="TRUE">0</atprecis><attscale Sync="TRUE">0</attscale><attrdef Sync="TRUE">Internal feature number.</attrdef><attrdefs Sync="TRUE">Esri</attrdefs><attrdomv><udom Sync="TRUE">Sequential unique whole numbers that are automatically generated.</udom></attrdomv></attr><attr><attrlabl Sync="TRUE">AssetID</attrlabl><attalias Sync="TRUE">AssetID</attalias><attrtype Sync="TRUE">String</attrtype><attwidth Sync="TRUE">15</attwidth><atprecis Sync="TRUE">0</atprecis><attscale Sync="TRUE">0</attscale></attr><attr><attrlabl Sync="TRUE">Owner</attrlabl><attalias Sync="TRUE">Owner</attalias><attrtype Sync="TRUE">String</attrtype><attwidth Sync="TRUE">15</attwidth><atprecis Sync="TRUE">0</atprecis><attscale Sync="TRUE">0</attscale></attr><attr><attrlabl Sync="TRUE">MaintResp</attrlabl><attalias Sync="TRUE">MaintResp</attalias><attrtype Sync="TRUE">String</attrtype><attwidth Sync="TRUE">15</attwidth><atprecis Sync="TRUE">0</atprecis><attscale Sync="TRUE">0</attscale></attr><attr><attrlabl Sync="TRUE">LocationID</attrlabl><attalias Sync="TRUE">LocationID</attalias><attrtype Sync="TRUE">String</attrtype><attwidth Sync="TRUE">15</attwidth><atprecis Sync="TRUE">0</atprecis><attscale Sync="TRUE">0</attscale></attr><attr><attrlabl Sync="TRUE">ImagePath</attrlabl><attalias Sync="TRUE">ImagePath</attalias><attrtype Sync="TRUE">String</attrtype><attwidth Sync="TRUE">254</attwidth><atprecis Sync="TRUE">0</atprecis><attscale Sync="TRUE">0</attscale></attr><attr><attrlabl Sync="TRUE">IsMetered</attrlabl><attalias Sync="TRUE">IsMetered</attalias><attrtype Sync="TRUE">String</attrtype><attwidth Sync="TRUE">1</attwidth><atprecis Sync="TRUE">0</atprecis><attscale Sync="TRUE">0</attscale></attr><attr><attrlabl Sync="TRUE">PowerSuppl</attrlabl><attalias Sync="TRUE">PowerSuppl</attalias><attrtype Sync="TRUE">String</attrtype><attwidth Sync="TRUE">8</attwidth><atprecis Sync="TRUE">0</atprecis><attscale Sync="TRUE">0</attscale></attr><attr><attrlabl Sync="TRUE">Engineer</attrlabl><attalias Sync="TRUE">Engineer</attalias><attrtype Sync="TRUE">String</attrtype><attwidth Sync="TRUE">30</attwidth><atprecis Sync="TRUE">0</atprecis><attscale Sync="TRUE">0</attscale></attr><attr><attrlabl Sync="TRUE">LightID</attrlabl><attalias Sync="TRUE">LightID</attalias><attrtype Sync="TRUE">Integer</attrtype><attwidth Sync="TRUE">9</attwidth><atprecis Sync="TRUE">9</atprecis><attscale Sync="TRUE">0</attscale></attr><attr><attrlabl Sync="TRUE">Electricia</attrlabl><attalias Sync="TRUE">Electricia</attalias><attrtype Sync="TRUE">String</attrtype><attwidth Sync="TRUE">30</attwidth><atprecis Sync="TRUE">0</atprecis><attscale Sync="TRUE">0</attscale></attr><attr><attrlabl Sync="TRUE">Rotation</attrlabl><attalias Sync="TRUE">Rotation</attalias><attrtype Sync="TRUE">Double</attrtype><attwidth Sync="TRUE">19</attwidth><atprecis Sync="TRUE">0</atprecis><attscale Sync="TRUE">0</attscale></attr><attr><attrlabl Sync="TRUE">ElectricMo</attrlabl><attalias Sync="TRUE">ElectricMo</attalias><attrtype Sync="TRUE">Integer</attrtype><attwidth Sync="TRUE">9</attwidth><atprecis Sync="TRUE">9</atprecis><attscale Sync="TRUE">0</attscale></attr><attr><attrlabl Sync="TRUE">StLightCir</attrlabl><attalias Sync="TRUE">StLightCir</attalias><attrtype Sync="TRUE">Integer</attrtype><attwidth Sync="TRUE">9</attwidth><atprecis Sync="TRUE">9</atprecis><attscale Sync="TRUE">0</attscale></attr><attr><attrlabl Sync="TRUE">LIP</attrlabl><attalias Sync="TRUE">LIP</attalias><attrtype Sync="TRUE">String</attrtype><attwidth Sync="TRUE">15</attwidth><atprecis Sync="TRUE">0</atprecis><attscale Sync="TRUE">0</attscale></attr><attr><attrlabl Sync="TRUE">LampCode</attrlabl><attalias Sync="TRUE">LampCode</attalias><attrtype Sync="TRUE">String</attrtype><attwidth Sync="TRUE">4</attwidth><atprecis Sync="TRUE">0</atprecis><attscale Sync="TRUE">0</attscale></attr><attr><attrlabl Sync="TRUE">SupplyVolt</attrlabl><attalias Sync="TRUE">SupplyVolt</attalias><attrtype Sync="TRUE">String</attrtype><attwidth Sync="TRUE">12</attwidth><atprecis Sync="TRUE">0</atprecis><attscale Sync="TRUE">0</attscale></attr><attr><attrlabl Sync="TRUE">Manufactur</attrlabl><attalias Sync="TRUE">Manufactur</attalias><attrtype Sync="TRUE">String</attrtype><attwidth Sync="TRUE">24</attwidth><atprecis Sync="TRUE">0</atprecis><attscale Sync="TRUE">0</attscale></attr><attr><attrlabl Sync="TRUE">SerialNumb</attrlabl><attalias Sync="TRUE">SerialNumb</attalias><attrtype Sync="TRUE">String</attrtype><attwidth Sync="TRUE">50</attwidth><atprecis Sync="TRUE">0</atprecis><attscale Sync="TRUE">0</attscale></attr><attr><attrlabl Sync="TRUE">PoleNumber</attrlabl><attalias Sync="TRUE">PoleNumber</attalias><attrtype Sync="TRUE">Integer</attrtype><attwidth Sync="TRUE">9</attwidth><atprecis Sync="TRUE">9</atprecis><attscale Sync="TRUE">0</attscale></attr><attr><attrlabl Sync="TRUE">LampCodeDe</attrlabl><attalias Sync="TRUE">LampCodeDe</attalias><attrtype Sync="TRUE">String</attrtype><attwidth Sync="TRUE">100</attwidth><atprecis Sync="TRUE">0</atprecis><attscale Sync="TRUE">0</attscale></attr><attr><attrlabl Sync="TRUE">MastArmLen</attrlabl><attalias Sync="TRUE">MastArmLen</attalias><attrtype Sync="TRUE">SmallInteger</attrtype><attwidth Sync="TRUE">4</attwidth><atprecis Sync="TRUE">4</atprecis><attscale Sync="TRUE">0</attscale></attr><attr><attrlabl Sync="TRUE">Shape</attrlabl><attalias Sync="TRUE">Shape</attalias><attrtype Sync="TRUE">Geometry</attrtype><attwidth Sync="TRUE">0</attwidth><atprecis Sync="TRUE">0</atprecis><attscale Sync="TRUE">0</attscale><attrdef Sync="TRUE">Feature geometry.</attrdef><attrdefs Sync="TRUE">ESRI</attrdefs><attrdomv><udom Sync="TRUE">Coordinates defining the features.</udom></attrdomv></attr></detailed></eainfo><mdDateSt Sync="TRUE">20140429</mdDateSt><dataqual><lineage><procstep><procdesc Sync="TRUE">Dataset copied.</procdesc><srcused Sync="TRUE">\\CGIS2\PDOTDATA$\PDXTRANSASSETS.MDB</srcused><procdate Sync="TRUE">20140307</procdate><proctime Sync="TRUE">15191500</proctime></procstep></lineage></dataqual></metadata>
