{"layer_id":53728,"title":"watersheds_web_bes_pdx","output_geodatabase":"EGH_Public","feature_dataset_name":"Stand-Alone","item_name":"watersheds_web_bes_pdx","category_id":50022,"bureau_id":25,"contact_id":50162,"common_id":50010,"db_type_id":50003,"originator":"City of Portland","resource_url":"","abstract":"","purpose":"","supplemental_information":"","last_update_date":"2013-10-01 17:57:45.0","source_last_update_date":"1900-01-01 00:00:00.0","maint_update_frequency":"Unknown","extent":"Clackamas County, Multnomah County, and Washington County, Oregon","data_type":"Vector","shape_type":"Polygon","feature_count":17,"raster_object_type":"","row_count":0,"column_count":0,"coordinate_resolution":"","metadata_date":"2014-05-25 00:00:00.0","theme_keyword":"","place_keyword":"Portland, Multnomah County, Washington County, Clackamas County, Oregon","horizontal_pos_acc_link":"Taxlots","ext_flag":"E","publication_date":"1900-01-01 00:00:00.0","access_constraints":"None","use_constraints":"These data are distributed under the terms of the City of Portland Data Distribution Policy.","progress":"Complete","north_bounding_coordinate":46.08065859,"south_bounding_coordinate":44.85462409,"east_bounding_coordinate":-121.65053671,"west_bounding_coordinate":-123.47121656,"horizontal_pos_accuracy":"","theme_keyword_thesaurus":"","place_keyword_thesaurus":"","source_dataset_type":"Enterprise Geodatabase","file_path":"","source_server_name":"","source_instance":"","source_database_name":"","source_feature_dataset_name":"","source_feature_class_name":"","source_user_name":"","source_password":"","category":"Hydro","grid_coord_system_name":"NAD_1983_HARN_StatePlane_Oregon_North_FIPS_3601_Feet_Intl","planar_distance_units":"International feet       ","horizontal_datum_name":"North American Datum of 1983\/1991 (HPGN)","distribution_liability":"The information in this file was derived from digital databases on the City of Portland GIS.  Care was taken in the creation of this file. The City cannot accept any responsibility for errors, omissions, or positional accuracy. There are no warranties, expressed or implied.","format_name":"Shapefile or File Geodatabase Feature Class - Data will be provided via City of Portland FTP Site.","online_network_resource_name":"http:\/\/CivicApps.org","online_access_instructions":"City of Portland Public\/Open Data is distributed via the CivicApps Site - http:\/\/CivicApps.org.  Data not available on the CivicApps site can be requested by contacting the City of Portland CGIS Group - maps@portlandoregon.gov","offline_media":"","offline_recording_format":"","transfer_size":"varies","spcs_zone_identifier":5076,"contact_name":"City of Portland - BES","contact_phone":"","contact_fax":"","contact_email":"besgis@portlandoregon.gov","contact_organization":"City of Portland - BES","contact_address":"1120 SW Fifth Avenue, Suite #1100","contact_city":"Portland","contact_state":"OR","contact_zipcode":97204,"org_phone":"","org_fax":"","org_email":"besgis@portlandoregon.gov","db_type":"SDE","bureau":"Bureau of Environmental Services","bureau_desc":"BES","lineage":[],"files":[{"file_id":1247,"file_name":"53728.png","file_type":"image\/png","file_desc":"","file_size":94589,"sort":"","emptybottomsort":1,"file_url":"http:\/\/dev.portlandmaps.com\/metadata\/index.cfm?action=DisplayFile&FileID=1247"}],"tables":[{"layer_table_xref_id":4562,"layer_id":53728,"table_id":53632,"table_name":"watersheds_web_bes_pdx","table_desc":"","table_jurisdiction":"","columns":[{"column_id":294430,"table_id":53632,"column_name":"WATERSHED","column_alias":"","column_desc":"","column_length":30,"column_type_id":1,"sort":1,"column_type":"String","emptybottomsort":0}]}]}
