{"layer_id":52502,"title":"Freight_Districts_pdx","output_geodatabase":"EGH_PUBLIC","feature_dataset_name":"Freight_Districts_pdx","feature_class_name":"Freight_Districts_pdx","category_id":50001,"bureau_id":17,"contact_id":50104,"common_id":"","db_type_id":50003,"originator":"City of Portland","resource_url":"","abstract":"","purpose":"","supplemental_information":"","last_update_date":"2013-03-29 14:59:00.0","source_last_update_date":"2014-12-18 08:44:24.0","maint_update_frequency":"Unknown","extent":"Multnomah County","data_type":"Vector","shape_type":"Polygon","feature_count":10,"raster_object_type":"","row_count":0,"column_count":0,"coordinate_resolution":"","metadata_date":"2014-12-18 00:00:00.0","theme_keyword":"","place_keyword":"Portland, Multnomah County, Washington County, Clackamas County, Oregon","horizontal_pos_acc_link":"Taxlots","ext_flag":"I","publication_date":"","access_constraints":"None","use_constraints":"These data are distributed uner the terms of the City of Portland Data Distribution Policy.","progress":"Complete                                ","north_bounding_coordinate":46.08065859    ,"south_bounding_coordinate":44.85462409    ,"east_bounding_coordinate":-121.65053671  ,"west_bounding_coordinate":-123.47121656  ,"horizontal_pos_accuracy":"","theme_keyword_thesaurus":"None                                    ","place_keyword_thesaurus":"None                                    ","source_dataset_type":"Personal Geodatabase","file_path":"","source_server_name":"","source_instance":"","source_database_name":"","source_feature_dataset_name":"","source_feature_class_name":"","source_user_name":"","source_password":"","category":"Boundary","grid_coord_system_name":"","planar_distance_units":"","horizontal_datum_name":"","distribution_liability":"","format_name":"","online_network_resource_name":"","online_access_instructions":"","offline_media":"","offline_recording_format":"","transfer_size":"","spcs_zone_identifier":"","contact_name":"Kevin York","contact_phone":"503 823-5383","contact_fax":"503 823-7576","contact_email":"Kevin.York@portlandoregon.gov","contact_organization":"City of Portland - PBOT","contact_address":"1120 SW Fifth Avenue, Suite #800","contact_city":"Portland","contact_state":"OR","contact_zipcode":97204,"org_phone":"503 823-5185","org_fax":"503 823-7576","org_email":"PBOTCommunications@portlandoregon.gov","db_type":"SDE","bureau":"Bureau of Transportation","bureau_desc":"PBOT","lineage":[],"files":[{"file_id":298,"file_name":"52502.png","file_type":"image\/png","file_desc":"","file_size":217524,"sort":"","emptybottomsort":1,"file_url":"http:\/\/dev.portlandmaps.com\/metadata\/index.cfm?action=DisplayFile&FileID=298"}],"tables":[{"layer_table_xref_id":520,"layer_id":52502,"table_id":52431,"table_name":"Freight_Districts_pdx","table_desc":"","table_jurisdiction":"","columns":[{"column_id":61684,"table_id":52431,"column_name":"TRANPLANID","column_desc":"","column_length":15,"column_type_id":1,"sort":1,"column_type":"String","emptybottomsort":0},{"column_id":61685,"table_id":52431,"column_name":"FREIGHTDISTRICTNAME","column_desc":"","column_length":50,"column_type_id":1,"sort":1,"column_type":"String","emptybottomsort":0}]}]}
