{"layer_id":52266,"title":"Enterprise E-Commerce Zone","output_geodatabase":"EGH_PUBLIC","feature_dataset_name":"Stand-Alone","feature_class_name":"enterprise_ecommerce_zone_pdx","category_id":50001,"bureau_id":14,"contact_id":50120,"common_id":"","db_type_id":50003,"originator":"Portland Development Commission","resource_url":"","abstract":"The N\/NE Portland Enterprise and Electronic Commerce Zone is a public\/private partnership program managed by the Portland Development Commission providing a 5 year property tax abatement on new investment, and for eligible E-Commerce businesses, a 25% state income\/excise tax credit, in exchange for meeting job creation and other requirements aimed at business creation within N\/NE Portland. Companies may benefit if they lease, as long as they are responsible for property tax payments.","purpose":"Boundary created to determine properties eligible for the Enterprise\/E-Commerce Zone Program.","supplemental_information":"The investment must occur within commercial or industrial land in the Enterprise Zone boundaries: West of I-205, East of Forest Park, North of I-84 and South of the Columbia River.","last_update_date":"2012-09-28 14:46:00.0","source_last_update_date":"2014-09-04 13:27:15.0","maint_update_frequency":"As needed","extent":"City of Portland","data_type":"Vector","shape_type":"Polygon","feature_count":1,"raster_object_type":"Grid cell","row_count":0,"column_count":0,"coordinate_resolution":"","metadata_date":"2014-09-04 00:00:00.0","theme_keyword":"Enterprize Zone Boundary, Electronic Commerce Zone, PDC","place_keyword":"Portland, Multnomah County, Oregon","horizontal_pos_acc_link":"Taxlots","ext_flag":"E","publication_date":"1996-01-01 00:00:00.0","access_constraints":"None","use_constraints":"These data are distributed uner the terms of the City of Portland Data Distribution Policy.","progress":"Complete                                ","north_bounding_coordinate":46.08065859    ,"south_bounding_coordinate":44.85462409    ,"east_bounding_coordinate":-121.65053671  ,"west_bounding_coordinate":-123.47121656  ,"horizontal_pos_accuracy":"","theme_keyword_thesaurus":"None                                    ","place_keyword_thesaurus":"None                                    ","source_dataset_type":"Shapefile","file_path":"","source_server_name":"","source_instance":"","source_database_name":"","source_feature_dataset_name":"","source_feature_class_name":"","source_user_name":"","source_password":"","category":"Boundary","grid_coord_system_name":"","planar_distance_units":"","horizontal_datum_name":"","distribution_liability":"","format_name":"","online_network_resource_name":"","online_access_instructions":"","offline_media":"","offline_recording_format":"","transfer_size":"","spcs_zone_identifier":"","contact_name":"Robert Smith","contact_phone":"503 823-0411","contact_fax":"503 865-3796","contact_email":"SmithR@pdc.us","contact_organization":"Portland Development Commission","contact_address":"222 NW Fifth Avenue","contact_city":"Portland","contact_state":"OR","contact_zipcode":"97209-3859","org_phone":"503 823-3200","org_fax":"503 823-3368","org_email":"smithr@pdc.us","db_type":"SDE","bureau":"Portland Development Commission","bureau_desc":"PDC","lineage":[],"files":[{"file_id":254,"file_name":"52266.png","file_type":"image\/png","file_desc":"","file_size":297143,"sort":"","emptybottomsort":1,"file_url":"http:\/\/dev.portlandmaps.com\/metadata\/index.cfm?action=DisplayFile&FileID=254"}],"tables":[{"layer_table_xref_id":286,"layer_id":52266,"table_id":52192,"table_name":"enterprise_ecommerce_zone_pdx","table_desc":"","table_jurisdiction":"","columns":[{"column_id":67311,"table_id":52192,"column_name":"ACRES","column_desc":"","column_length":8,"column_type_id":2,"sort":1,"column_type":"Numeric","emptybottomsort":0},{"column_id":91133,"table_id":52192,"column_name":"NAME","column_desc":"","column_length":50,"column_type_id":2,"sort":1,"column_type":"Numeric","emptybottomsort":0},{"column_id":196084,"table_id":52192,"column_name":"SQMI","column_desc":"","column_length":8,"column_type_id":2,"sort":1,"column_type":"Numeric","emptybottomsort":0}]}]}
