{"layer_id":53347,"title":"Capital Improvement Projects (Polygons)","output_geodatabase":"EGH_PUBLIC","feature_dataset_name":"Stand-Alone","feature_class_name":"cip_polygons_pdx","category_id":50013,"bureau_id":30,"contact_id":50099,"common_id":"","db_type_id":50003,"originator":"City of Portland","resource_url":"","abstract":"Polygon features representing Capital Improvement Projects for the City of Portland Bureaus","purpose":"For mapping current Capital Improvement Projects in the City of Portland","supplemental_information":"","last_update_date":"2013-11-19 15:09:05.0","source_last_update_date":"2015-01-05 18:15:50.0","maint_update_frequency":"Continually","extent":"Clackamas County, Multnomah County, and Washington County, Oregon","data_type":"Vector","shape_type":"Polygon","feature_count":43,"raster_object_type":"","row_count":0,"column_count":0,"coordinate_resolution":"","metadata_date":"2015-01-06 00:00:00.0","theme_keyword":"capital improvement, projects","place_keyword":"Portland, Multnomah County, Washington County, Clackamas County, Oregon","horizontal_pos_acc_link":"Taxlots","ext_flag":"E","publication_date":"","access_constraints":"None","use_constraints":"These data are distributed uner the terms of the City of Portland Data Distribution Policy.  To review the Data Distribution Agreement, please visit http:\/\/Portland Data Distribution Policy.","progress":"Complete                                ","north_bounding_coordinate":46.08065859    ,"south_bounding_coordinate":44.85462409    ,"east_bounding_coordinate":-121.65053671  ,"west_bounding_coordinate":-123.47121656  ,"horizontal_pos_accuracy":"","theme_keyword_thesaurus":"None                                    ","place_keyword_thesaurus":"None                                    ","source_dataset_type":"File Geodatabase","file_path":"","source_server_name":"","source_instance":"","source_database_name":"","source_feature_dataset_name":"","source_feature_class_name":"","source_user_name":"","source_password":"","category":"Development","grid_coord_system_name":"","planar_distance_units":"","horizontal_datum_name":"","distribution_liability":"","format_name":"","online_network_resource_name":"","online_access_instructions":"","offline_media":"","offline_recording_format":"","transfer_size":"","spcs_zone_identifier":"","contact_name":"City of PDX","contact_phone":"503-823-4000","contact_fax":"503-823-4000","contact_email":"CityInfo@portlandoregon.gov","contact_organization":"City of Portland","contact_address":"1120 SW Fifth Avenue","contact_city":"Portland","contact_state":"OR","contact_zipcode":97201,"org_phone":"503 823-7700","org_fax":"503-823-7800","org_email":"bps@portlandoregon.gov","db_type":"SDE","bureau":"Corporate GIS","bureau_desc":"CGIS","lineage":[],"files":[{"file_id":570,"file_name":"53347.png","file_type":"image\/png","file_desc":"","file_size":227026,"sort":"","emptybottomsort":1,"file_url":"http:\/\/dev.portlandmaps.com\/metadata\/index.cfm?action=DisplayFile&FileID=570"}],"tables":[{"layer_table_xref_id":1292,"layer_id":53347,"table_id":53205,"table_name":"cip_polygons_pdx","table_desc":"","table_jurisdiction":"","columns":[{"column_id":218796,"table_id":53205,"column_name":"Project_Number_SAP","column_desc":"","column_length":12,"column_type_id":1,"sort":1,"column_type":"String","emptybottomsort":0},{"column_id":218797,"table_id":53205,"column_name":"Project_Name","column_desc":"","column_length":80,"column_type_id":1,"sort":1,"column_type":"String","emptybottomsort":0},{"column_id":218798,"table_id":53205,"column_name":"Project_Description","column_desc":"","column_length":500,"column_type_id":1,"sort":1,"column_type":"String","emptybottomsort":0},{"column_id":218799,"table_id":53205,"column_name":"Status","column_desc":"","column_length":6,"column_type_id":1,"sort":1,"column_type":"String","emptybottomsort":0},{"column_id":218800,"table_id":53205,"column_name":"Status_Detail","column_desc":"","column_length":30,"column_type_id":1,"sort":1,"column_type":"String","emptybottomsort":0},{"column_id":218801,"table_id":53205,"column_name":"Phase","column_desc":"","column_length":30,"column_type_id":1,"sort":1,"column_type":"String","emptybottomsort":0},{"column_id":218802,"table_id":53205,"column_name":"Source_Plan","column_desc":"","column_length":255,"column_type_id":1,"sort":1,"column_type":"String","emptybottomsort":0},{"column_id":218803,"table_id":53205,"column_name":"Comments","column_desc":"","column_length":255,"column_type_id":1,"sort":1,"column_type":"String","emptybottomsort":0},{"column_id":218804,"table_id":53205,"column_name":"Estimated_Design_Start_Date","column_desc":"","column_length":36,"column_type_id":4,"sort":1,"column_type":"Date","emptybottomsort":0},{"column_id":218805,"table_id":53205,"column_name":"Estimated_Design_Comp_Date","column_desc":"","column_length":36,"column_type_id":4,"sort":1,"column_type":"Date","emptybottomsort":0},{"column_id":218806,"table_id":53205,"column_name":"Est_Construction_Start_Date","column_desc":"","column_length":36,"column_type_id":4,"sort":1,"column_type":"Date","emptybottomsort":0},{"column_id":218807,"table_id":53205,"column_name":"Est_Construction_Comp_Date","column_desc":"","column_length":36,"column_type_id":4,"sort":1,"column_type":"Date","emptybottomsort":0},{"column_id":218808,"table_id":53205,"column_name":"Program","column_desc":"","column_length":80,"column_type_id":1,"sort":1,"column_type":"String","emptybottomsort":0},{"column_id":218809,"table_id":53205,"column_name":"Funding_Source","column_desc":"","column_length":60,"column_type_id":1,"sort":1,"column_type":"String","emptybottomsort":0},{"column_id":218810,"table_id":53205,"column_name":"Current_Fiscal_Year_Budget","column_desc":"","column_length":8,"column_type_id":2,"sort":1,"column_type":"Numeric","emptybottomsort":0},{"column_id":218811,"table_id":53205,"column_name":"Previous_Fiscal_Year_Budget","column_desc":"","column_length":8,"column_type_id":2,"sort":1,"column_type":"Numeric","emptybottomsort":0},{"column_id":218812,"table_id":53205,"column_name":"Next_Fiscal_Year_Request","column_desc":"","column_length":8,"column_type_id":2,"sort":1,"column_type":"Numeric","emptybottomsort":0},{"column_id":218813,"table_id":53205,"column_name":"Estimated_Total_Project_Cost","column_desc":"","column_length":8,"column_type_id":2,"sort":1,"column_type":"Numeric","emptybottomsort":0},{"column_id":218814,"table_id":53205,"column_name":"Budget_Level_of_Confidence","column_desc":"","column_length":20,"column_type_id":1,"sort":1,"column_type":"String","emptybottomsort":0},{"column_id":218815,"table_id":53205,"column_name":"Bureau_Internal_Project_Number","column_desc":"","column_length":18,"column_type_id":1,"sort":1,"column_type":"String","emptybottomsort":0},{"column_id":218817,"table_id":53205,"column_name":"Contact","column_desc":"","column_length":255,"column_type_id":1,"sort":1,"column_type":"String","emptybottomsort":0},{"column_id":218818,"table_id":53205,"column_name":"URL","column_desc":"","column_length":255,"column_type_id":1,"sort":1,"column_type":"String","emptybottomsort":0},{"column_id":218819,"table_id":53205,"column_name":"Date_Edited","column_desc":"","column_length":36,"column_type_id":4,"sort":1,"column_type":"Date","emptybottomsort":0},{"column_id":218899,"table_id":53205,"column_name":"Bureau_Name","column_desc":"","column_length":50,"column_type_id":2,"sort":1,"column_type":"Numeric","emptybottomsort":0}]}]}
