{"layer_id":53346,"layer_name":"cip_points_pdx","title":"cip_points_pdx","dataset_name":"cip_points_pdx","feature_class_name":"","category_id":50013,"bureau_id":30,"contact_id":50099,"common_id":50005,"db_type_id":50003,"originator":"City of Portland","resource_url":"","abstract":"","purpose":"","supplemental_information":"","last_update_date":"2013-11-19 15:08:56.0","source_last_update_date":"2014-05-26 18:15:49.0","maint_update_frequency":"Unknown","extent":"Clackamas County, Multnomah County, and Washington County, Oregon","data_type":"Vector","shape_type":"Point","feature_count":283,"raster_object_type":"","row_count":0,"column_count":0,"coordinate_resolution":"","metadata_date":"2014-05-27 00:00:00.0","theme_keyword":"","place_keyword":"Portland, Multnomah County, Washington County, Clackamas County, Oregon","horizontal_pos_acc_link":"Taxlots","ext_flag":"E","publication_date":"","access_constraints":"None","use_constraints":"These data are distributed uner the terms of the City of Portland Data Distribution Policy.  To review the Data Distribution Agreement, please visit http:\/\/Portland Data Distribution Policy.","source_dataset_type":"File Geodatabase","output_geodatabase":"EGH_PUBLIC","progress":"Complete                                ","north_bounding_coordinate":46.08065859    ,"south_bounding_coordinate":44.85462409    ,"east_bounding_coordinate":-121.65053671  ,"west_bounding_coordinate":-123.47121656  ,"horizontal_pos_accuracy":"","theme_keyword_thesaurus":"None                                    ","place_keyword_thesaurus":"None                                    ","file_path":"","server_name":"","instance":"","database_name":"","user_name":"","password":"","category":"Development","grid_coord_system_name":"State plane coordinate system 1983(91).","planar_distance_units":"International feet","horizontal_datum_name":"North American Datum of 1983\/1991 (HPGN)","distribution_liability":"The City of Portland has placed restrictions on the distribution of this data due to security concerns. The information in this file was derived from digital databases on the City of Portland GIS. Care was taken in the creation of this file. The City cannot accept any responsibility for errors, omissions, or positional accuracy. There are no warranties, expressed or implied.","format_name":"Shapefile - Data will be provided via City of Portland FTP Site.","online_network_resource_name":"http:\/\/www.portlandoregon.gov\/bts\/60510","online_access_instructions":"If the data is not available on http:\/\/CivicApps.org The City of Portland can place the data on its FTP Site by request.  Call 503-823-5198 or e-mail cgis@portlandoregon.gov for instructions.","offline_media":"CD-ROM","offline_recording_format":"ISO9660 (DOS, Unix or Macintosh)","transfer_size":"","spcs_zone_identifier":5076  ,"contact_name":"City of PDX","contact_phone":"503-823-4000","contact_fax":"503-823-4000","contact_email":"CityInfo@portlandoregon.gov","contact_organization":"City of Portland","contact_address":"1120 SW Fifth Avenue","contact_city":"Portland","contact_state":"OR","contact_zipcode":97201,"org_phone":"503 823-7700","org_fax":"503-823-7800","org_email":"bps@portlandoregon.gov","db_type":"SDE","bureau":"Corporate GIS","bureau_desc":"CGIS","lineage":[],"files":[{"file_id":569,"file_name":"53346.png","file_type":"image\/png","file_desc":"","file_size":125509,"sort":"","emptybottomsort":1,"file_url":"http:\/\/dev.portlandmaps.com\/metadata\/index.cfm?action=DisplayFile&FileID=569"}],"tables":[{"layer_table_xref_id":1291,"layer_id":53346,"table_id":53204,"table_name":"cip_points_pdx","table_desc":"","table_jurisdiction":"","columns":[{"column_id":218772,"table_id":53204,"column_name":"Project_Number_SAP","column_desc":"","column_length":12,"column_type_id":1,"sort":1,"column_type":"String","emptybottomsort":0},{"column_id":218773,"table_id":53204,"column_name":"Project_Name","column_desc":"","column_length":80,"column_type_id":1,"sort":1,"column_type":"String","emptybottomsort":0},{"column_id":218774,"table_id":53204,"column_name":"Project_Description","column_desc":"","column_length":500,"column_type_id":1,"sort":1,"column_type":"String","emptybottomsort":0},{"column_id":218775,"table_id":53204,"column_name":"Status","column_desc":"","column_length":6,"column_type_id":1,"sort":1,"column_type":"String","emptybottomsort":0},{"column_id":218776,"table_id":53204,"column_name":"Status_Detail","column_desc":"","column_length":30,"column_type_id":1,"sort":1,"column_type":"String","emptybottomsort":0},{"column_id":218777,"table_id":53204,"column_name":"Phase","column_desc":"","column_length":30,"column_type_id":1,"sort":1,"column_type":"String","emptybottomsort":0},{"column_id":218778,"table_id":53204,"column_name":"Source_Plan","column_desc":"","column_length":255,"column_type_id":1,"sort":1,"column_type":"String","emptybottomsort":0},{"column_id":218779,"table_id":53204,"column_name":"Comments","column_desc":"","column_length":255,"column_type_id":1,"sort":1,"column_type":"String","emptybottomsort":0},{"column_id":218780,"table_id":53204,"column_name":"Estimated_Design_Start_Date","column_desc":"","column_length":36,"column_type_id":4,"sort":1,"column_type":"Date","emptybottomsort":0},{"column_id":218781,"table_id":53204,"column_name":"Estimated_Design_Comp_Date","column_desc":"","column_length":36,"column_type_id":4,"sort":1,"column_type":"Date","emptybottomsort":0},{"column_id":218782,"table_id":53204,"column_name":"Est_Construction_Start_Date","column_desc":"","column_length":36,"column_type_id":4,"sort":1,"column_type":"Date","emptybottomsort":0},{"column_id":218783,"table_id":53204,"column_name":"Est_Construction_Comp_Date","column_desc":"","column_length":36,"column_type_id":4,"sort":1,"column_type":"Date","emptybottomsort":0},{"column_id":218784,"table_id":53204,"column_name":"Program","column_desc":"","column_length":80,"column_type_id":1,"sort":1,"column_type":"String","emptybottomsort":0},{"column_id":218785,"table_id":53204,"column_name":"Funding_Source","column_desc":"","column_length":60,"column_type_id":1,"sort":1,"column_type":"String","emptybottomsort":0},{"column_id":218786,"table_id":53204,"column_name":"Current_Fiscal_Year_Budget","column_desc":"","column_length":8,"column_type_id":2,"sort":1,"column_type":"Numeric","emptybottomsort":0},{"column_id":218787,"table_id":53204,"column_name":"Previous_Fiscal_Year_Budget","column_desc":"","column_length":8,"column_type_id":2,"sort":1,"column_type":"Numeric","emptybottomsort":0},{"column_id":218788,"table_id":53204,"column_name":"Next_Fiscal_Year_Request","column_desc":"","column_length":8,"column_type_id":2,"sort":1,"column_type":"Numeric","emptybottomsort":0},{"column_id":218789,"table_id":53204,"column_name":"Estimated_Total_Project_Cost","column_desc":"","column_length":8,"column_type_id":2,"sort":1,"column_type":"Numeric","emptybottomsort":0},{"column_id":218790,"table_id":53204,"column_name":"Budget_Level_of_Confidence","column_desc":"","column_length":20,"column_type_id":1,"sort":1,"column_type":"String","emptybottomsort":0},{"column_id":218791,"table_id":53204,"column_name":"Bureau_Internal_Project_Number","column_desc":"","column_length":18,"column_type_id":1,"sort":1,"column_type":"String","emptybottomsort":0},{"column_id":218793,"table_id":53204,"column_name":"Contact","column_desc":"","column_length":255,"column_type_id":1,"sort":1,"column_type":"String","emptybottomsort":0},{"column_id":218794,"table_id":53204,"column_name":"URL","column_desc":"","column_length":255,"column_type_id":1,"sort":1,"column_type":"String","emptybottomsort":0},{"column_id":218795,"table_id":53204,"column_name":"Date_Edited","column_desc":"","column_length":36,"column_type_id":4,"sort":1,"column_type":"Date","emptybottomsort":0},{"column_id":218898,"table_id":53204,"column_name":"Bureau_Name","column_desc":"","column_length":50,"column_type_id":2,"sort":1,"column_type":"Numeric","emptybottomsort":0}]}]}
