{"layer_id":52961,"title":"Park Easements","output_geodatabase":"EGH_PUBLIC","feature_dataset_name":"Stand-Alone","item_name":"parks_easements_pdx","category_id":50046,"bureau_id":16,"contact_id":50126,"common_id":50010,"db_type_id":50003,"originator":"City of Portland","resource_url":"","abstract":"Legally defined easements in-granted to Portland Parks &amp; Recreation or out-granted from PP&amp;R to other entities.<br>","purpose":"","supplemental_information":"","last_update_date":"2013-10-04 14:52:33.0","source_last_update_date":"2015-03-18 16:35:24.0","maint_update_frequency":"As Needed","extent":"Clackamas County, Multnomah County, and Washington County, Oregon","data_type":"Vector","shape_type":"Polygon","feature_count":226,"raster_object_type":"","row_count":0,"column_count":0,"coordinate_resolution":"","metadata_date":"2015-03-19 00:00:00.0","theme_keyword":"Easement, right of way, parks","place_keyword":"Portland, Multnomah County, Washington County, Clackamas County, Oregon","horizontal_pos_acc_link":"Taxlots","ext_flag":"E","publication_date":"","access_constraints":"None","use_constraints":"These data are distributed uner the terms of the City of Portland Data Distribution Policy.","progress":"Complete                                ","north_bounding_coordinate":46.08065859    ,"south_bounding_coordinate":44.85462409    ,"east_bounding_coordinate":-121.65053671  ,"west_bounding_coordinate":-123.47121656  ,"horizontal_pos_accuracy":"","theme_keyword_thesaurus":"None                                    ","place_keyword_thesaurus":"None                                    ","source_dataset_type":"File Geodatabase","file_path":"","source_server_name":"","source_instance":"","source_database_name":"","source_feature_dataset_name":"","source_feature_class_name":"","source_user_name":"","source_password":"","category":"Parks","grid_coord_system_name":"NAD_1983_HARN_StatePlane_Oregon_North_FIPS_3601_Feet_Intl","planar_distance_units":"International feet       ","horizontal_datum_name":"North American Datum of 1983\/1991 (HPGN)","distribution_liability":"The information in this file was derived from digital databases on the City of Portland GIS.  Care was taken in the creation of this file. The City cannot accept any responsibility for errors, omissions, or positional accuracy. There are no warranties, expressed or implied.","format_name":"Shapefile or File Geodatabase Feature Class - Data will be provided via City of Portland FTP Site.","online_network_resource_name":"http:\/\/CivicApps.org","online_access_instructions":"City of Portland Public\/Open Data is distributed via the CivicApps Site - http:\/\/CivicApps.org.  Data not available on the CivicApps site can be requested by contacting the City of Portland CGIS Group - maps@portlandoregon.gov","offline_media":"","offline_recording_format":"","transfer_size":"varies","spcs_zone_identifier":5076,"contact_name":"Joshua Darling","contact_phone":"503-823-2783","contact_fax":"","contact_email":"Josh.Darling@portlandoregon.gov","contact_organization":"City of Portland - PPR","contact_address":"1120 SW 5th Avenue, Suite#1302","contact_city":"Portland","contact_state":"OR","contact_zipcode":"97204-1933","org_phone":"503 823-7529","org_fax":"503 823-6007","org_email":"ParksGISSupport@portlandoregon.gov","db_type":"SDE","bureau":"Bureau of Parks and Recreation","bureau_desc":"PARKS","lineage":[],"files":[{"file_id":474,"file_name":"52961.png","file_type":"image\/png","file_desc":"","file_size":253674,"sort":"","emptybottomsort":1,"file_url":"http:\/\/dev.portlandmaps.com\/metadata\/index.cfm?action=DisplayFile&FileID=474"}],"tables":[{"layer_table_xref_id":908,"layer_id":52961,"table_id":52808,"table_name":"parks_easements_pdx","table_desc":"","table_jurisdiction":"","columns":[{"column_id":149102,"table_id":52808,"column_name":"Property_Name","column_alias":"","column_desc":"","column_length":55,"column_type_id":1,"sort":1,"column_type":"String","emptybottomsort":0},{"column_id":149103,"table_id":52808,"column_name":"Property_ID","column_alias":"","column_desc":"","column_length":8,"column_type_id":2,"sort":1,"column_type":"Numeric","emptybottomsort":0},{"column_id":149104,"table_id":52808,"column_name":"Ordinance","column_alias":"","column_desc":"","column_length":8,"column_type_id":2,"sort":1,"column_type":"Numeric","emptybottomsort":0},{"column_id":149105,"table_id":52808,"column_name":"Ordinance_Date","column_alias":"","column_desc":"","column_length":8,"column_type_id":2,"sort":1,"column_type":"Numeric","emptybottomsort":0},{"column_id":149106,"table_id":52808,"column_name":"Grant_Type","column_alias":"","column_desc":"","column_length":25,"column_type_id":1,"sort":1,"column_type":"String","emptybottomsort":0},{"column_id":149107,"table_id":52808,"column_name":"Easement_Type","column_alias":"","column_desc":"","column_length":50,"column_type_id":1,"sort":1,"column_type":"String","emptybottomsort":0},{"column_id":149108,"table_id":52808,"column_name":"Notes","column_alias":"","column_desc":"","column_length":254,"column_type_id":1,"sort":1,"column_type":"String","emptybottomsort":0},{"column_id":149109,"table_id":52808,"column_name":"Acres","column_alias":"","column_desc":"","column_length":8,"column_type_id":2,"sort":1,"column_type":"Numeric","emptybottomsort":0}]}]}
