{"layer_id":52710,"title":"lid_streets_pdx","output_geodatabase":"EGH_PUBLIC","feature_dataset_name":"Stand-Alone","item_name":"lid_streets_pdx","category_id":50031,"bureau_id":17,"contact_id":50099,"common_id":50010,"db_type_id":50003,"originator":"City of Portland","resource_url":"","abstract":"This linear feature class includes the area of improvementwithin the project limits of local improvement districts (LIDs) that have beenformed by City Council since 2001.&nbsp; MostLIDs are for street improvements, but LIDs have also been formed for aerial tram, streetcar, water main and sanitary sewer improvements.&nbsp; Areas of improvement for streetcar, watermain and sanitary sewer improvements are currently not shown on thislayer.&nbsp; \"Completed\" in the LIDStatus field refers to LIDs for which final assessment has been imposed by CityCouncil; \"Pending Completion\" refers to LIDs which are in the designor construction phases, or which construction but not final assessment iscomplete.","purpose":"To provide a spatial reference for CIty of Portland Local Improvement District locations and statuses since 2001.","supplemental_information":"","last_update_date":"2013-11-01 15:50:50.0","source_last_update_date":"2014-12-01 14:54:15.0","maint_update_frequency":"As Needed","extent":"City of Portland","data_type":"Vector","shape_type":"Polyline","feature_count":34,"raster_object_type":"","row_count":0,"column_count":0,"coordinate_resolution":"","metadata_date":"2014-12-02 00:00:00.0","theme_keyword":"","place_keyword":"Portland, Multnomah County, Washington County, Clackamas County, Oregon","horizontal_pos_acc_link":"Taxlots","ext_flag":"E","publication_date":"","access_constraints":"None","use_constraints":"These data are distributed uner the terms of the City of Portland Data Distribution Policy.","progress":"Complete                                ","north_bounding_coordinate":46.08065859    ,"south_bounding_coordinate":44.85462409    ,"east_bounding_coordinate":-121.65053671  ,"west_bounding_coordinate":-123.47121656  ,"horizontal_pos_accuracy":"","theme_keyword_thesaurus":"None                                    ","place_keyword_thesaurus":"None                                    ","source_dataset_type":"Personal Geodatabase","file_path":"","source_server_name":"","source_instance":"","source_database_name":"","source_feature_dataset_name":"","source_feature_class_name":"","source_user_name":"","source_password":"","category":"Transportation - Streets","grid_coord_system_name":"NAD_1983_HARN_StatePlane_Oregon_North_FIPS_3601_Feet_Intl","planar_distance_units":"International feet       ","horizontal_datum_name":"North American Datum of 1983\/1991 (HPGN)","distribution_liability":"The information in this file was derived from digital databases on the City of Portland GIS.  Care was taken in the creation of this file. The City cannot accept any responsibility for errors, omissions, or positional accuracy. There are no warranties, expressed or implied.","format_name":"Shapefile or File Geodatabase Feature Class - Data will be provided via City of Portland FTP Site.","online_network_resource_name":"http:\/\/CivicApps.org","online_access_instructions":"City of Portland Public\/Open Data is distributed via the CivicApps Site - http:\/\/CivicApps.org.  Data not available on the CivicApps site can be requested by contacting the City of Portland CGIS Group - maps@portlandoregon.gov","offline_media":"","offline_recording_format":"","transfer_size":"varies","spcs_zone_identifier":5076,"contact_name":"City of PDX","contact_phone":"503-823-4000","contact_fax":"503-823-4000","contact_email":"cgis@portlandoregon.gov","contact_organization":"City of Portland","contact_address":"1120 SW Fifth Avenue","contact_city":"Portland","contact_state":"OR","contact_zipcode":97201,"org_phone":"503 823-7700","org_fax":"503-823-7800","org_email":"cgis@portlandoregon.gov","db_type":"SDE","bureau":"Bureau of Transportation","bureau_desc":"PBOT","lineage":[],"files":[{"file_id":335,"file_name":"52710.png","file_type":"image\/png","file_desc":"","file_size":322962,"sort":"","emptybottomsort":1,"file_url":"http:\/\/dev.portlandmaps.com\/metadata\/index.cfm?action=DisplayFile&FileID=335"}],"tables":[{"layer_table_xref_id":701,"layer_id":52710,"table_id":52666,"table_name":"lid_streets_pdx","table_desc":"","table_jurisdiction":"","columns":[{"column_id":78138,"table_id":52666,"column_name":"OBJECTID","column_alias":"","column_desc":"","column_length":4,"column_type_id":3,"sort":1,"column_type":"Integer","emptybottomsort":0},{"column_id":78139,"table_id":52666,"column_name":"NAME","column_alias":"","column_desc":"","column_length":50,"column_type_id":1,"sort":1,"column_type":"String","emptybottomsort":0},{"column_id":78140,"table_id":52666,"column_name":"LID_STATUS","column_alias":"","column_desc":"","column_length":50,"column_type_id":1,"sort":1,"column_type":"String","emptybottomsort":0},{"column_id":78141,"table_id":52666,"column_name":"PROJECTID","column_alias":"","column_desc":"","column_length":4,"column_type_id":3,"sort":1,"column_type":"Integer","emptybottomsort":0},{"column_id":97852,"table_id":52666,"column_name":"SHAPE_LENG","column_alias":"","column_desc":"","column_length":8,"column_type_id":2,"sort":1,"column_type":"Numeric","emptybottomsort":0},{"column_id":136154,"table_id":52666,"column_name":"LID_Comment","column_alias":"","column_desc":"","column_length":50,"column_type_id":3,"sort":1,"column_type":"Integer","emptybottomsort":0}]}]}
