{"layer_id":52803,"title":"traffic_signal_pdx","output_geodatabase":"ASSETS_PDOT","feature_dataset_name":"Stand-Alone","item_name":"traffic_signal_pdx","category_id":50030,"bureau_id":17,"contact_id":50159,"common_id":50010,"db_type_id":50003,"originator":"City of Portland","resource_url":"","abstract":"","purpose":"","supplemental_information":"","last_update_date":"2013-11-14 14:58:32.0","source_last_update_date":"2015-03-19 08:02:49.0","maint_update_frequency":"Unknown","extent":"Multnomah County","data_type":"Vector","shape_type":"Point","feature_count":1091,"raster_object_type":"","row_count":0,"column_count":0,"coordinate_resolution":"","metadata_date":"2015-03-19 00:00:00.0","theme_keyword":"","place_keyword":"Portland, Multnomah County, Washington County, Clackamas County, Oregon","horizontal_pos_acc_link":"Taxlots","ext_flag":"E","publication_date":"","access_constraints":"None","use_constraints":"These data are distributed uner the terms of the City of Portland Data Distribution Policy.","progress":"Complete                                ","north_bounding_coordinate":46.08065859    ,"south_bounding_coordinate":44.85462409    ,"east_bounding_coordinate":-121.65053671  ,"west_bounding_coordinate":-123.47121656  ,"horizontal_pos_accuracy":"","theme_keyword_thesaurus":"None                                    ","place_keyword_thesaurus":"None                                    ","source_dataset_type":"Personal Geodatabase","file_path":"","source_server_name":"","source_instance":"","source_database_name":"","source_feature_dataset_name":"","source_feature_class_name":"","source_user_name":"","source_password":"","category":"Transportation - Street Features","grid_coord_system_name":"NAD_1983_HARN_StatePlane_Oregon_North_FIPS_3601_Feet_Intl","planar_distance_units":"International feet       ","horizontal_datum_name":"North American Datum of 1983\/1991 (HPGN)","distribution_liability":"The information in this file was derived from digital databases on the City of Portland GIS.  Care was taken in the creation of this file. The City cannot accept any responsibility for errors, omissions, or positional accuracy. There are no warranties, expressed or implied.","format_name":"Shapefile or File Geodatabase Feature Class - Data will be provided via City of Portland FTP Site.","online_network_resource_name":"http:\/\/CivicApps.org","online_access_instructions":"City of Portland Public\/Open Data is distributed via the CivicApps Site - http:\/\/CivicApps.org.  Data not available on the CivicApps site can be requested by contacting the City of Portland CGIS Group - maps@portlandoregon.gov","offline_media":"","offline_recording_format":"","transfer_size":"varies","spcs_zone_identifier":5076,"contact_name":"Joseph Neilson","contact_phone":"503-823-5636","contact_fax":"","contact_email":"Joseph.Neilson@portlandoregon.gov","contact_organization":"City of Portland - PBOT","contact_address":"1120 SW 5th Ave., Suite 800","contact_city":"Portland","contact_state":"OR","contact_zipcode":97204,"org_phone":"","org_fax":"","org_email":"","db_type":"SDE","bureau":"Bureau of Transportation","bureau_desc":"PBOT","lineage":[],"files":[{"file_id":400,"file_name":"52803.png","file_type":"image\/png","file_desc":"","file_size":250933,"sort":"","emptybottomsort":1,"file_url":"http:\/\/dev.portlandmaps.com\/metadata\/index.cfm?action=DisplayFile&FileID=400"}],"tables":[{"layer_table_xref_id":754,"layer_id":52803,"table_id":52646,"table_name":"traffic_signal_pdx","table_desc":"","table_jurisdiction":"","columns":[{"column_id":75979,"table_id":52646,"column_name":"ASSETID","column_alias":"","column_desc":"","column_length":15,"column_type_id":1,"sort":1,"column_type":"String","emptybottomsort":0},{"column_id":75982,"table_id":52646,"column_name":"SIGNALTYPE","column_alias":"","column_desc":"","column_length":4,"column_type_id":3,"sort":1,"column_type":"Integer","emptybottomsort":0},{"column_id":137684,"table_id":52646,"column_name":"LocationID","column_alias":"","column_desc":"","column_length":15,"column_type_id":0,"sort":1,"column_type":"Unknown","emptybottomsort":0},{"column_id":137685,"table_id":52646,"column_name":"ImagePath","column_alias":"","column_desc":"","column_length":255,"column_type_id":0,"sort":1,"column_type":"Unknown","emptybottomsort":0},{"column_id":137686,"table_id":52646,"column_name":"SignalNum","column_alias":"","column_desc":"","column_length":2,"column_type_id":3,"sort":1,"column_type":"Integer","emptybottomsort":0},{"column_id":137687,"table_id":52646,"column_name":"HubLoc","column_alias":"","column_desc":"","column_length":30,"column_type_id":3,"sort":1,"column_type":"Integer","emptybottomsort":0},{"column_id":137688,"table_id":52646,"column_name":"CommSource","column_alias":"","column_desc":"","column_length":2,"column_type_id":3,"sort":1,"column_type":"Integer","emptybottomsort":0},{"column_id":137689,"table_id":52646,"column_name":"MasterLoc","column_alias":"","column_desc":"","column_length":30,"column_type_id":3,"sort":1,"column_type":"Integer","emptybottomsort":0},{"column_id":137690,"table_id":52646,"column_name":"ControllerChangeDate","column_alias":"","column_desc":"","column_length":36,"column_type_id":4,"sort":1,"column_type":"Date","emptybottomsort":0},{"column_id":137691,"table_id":52646,"column_name":"CabinetChangeDate","column_alias":"","column_desc":"","column_length":36,"column_type_id":4,"sort":1,"column_type":"Date","emptybottomsort":0},{"column_id":137692,"table_id":52646,"column_name":"TempTimingsEstDate","column_alias":"","column_desc":"","column_length":36,"column_type_id":4,"sort":1,"column_type":"Date","emptybottomsort":0},{"column_id":137693,"table_id":52646,"column_name":"ServiceVoltage","column_alias":"","column_desc":"","column_length":2,"column_type_id":3,"sort":1,"column_type":"Integer","emptybottomsort":0},{"column_id":137694,"table_id":52646,"column_name":"LastRemodelDate","column_alias":"","column_desc":"","column_length":36,"column_type_id":4,"sort":1,"column_type":"Date","emptybottomsort":0},{"column_id":137695,"table_id":52646,"column_name":"LastInvCheckDate","column_alias":"","column_desc":"","column_length":36,"column_type_id":4,"sort":1,"column_type":"Date","emptybottomsort":0},{"column_id":137696,"table_id":52646,"column_name":"LastInvCheckUser","column_alias":"","column_desc":"","column_length":12,"column_type_id":4,"sort":1,"column_type":"Date","emptybottomsort":0},{"column_id":137697,"table_id":52646,"column_name":"Rotation","column_alias":"","column_desc":"","column_length":8,"column_type_id":2,"sort":1,"column_type":"Numeric","emptybottomsort":0},{"column_id":191298,"table_id":52646,"column_name":"Owner","column_alias":"","column_desc":"","column_length":15,"column_type_id":0,"sort":1,"column_type":"Unknown","emptybottomsort":0},{"column_id":191299,"table_id":52646,"column_name":"MaintResp","column_alias":"","column_desc":"","column_length":15,"column_type_id":0,"sort":1,"column_type":"Unknown","emptybottomsort":0},{"column_id":265292,"table_id":52646,"column_name":"PowerSupplier","column_alias":"","column_desc":"","column_length":8,"column_type_id":0,"sort":1,"column_type":"Unknown","emptybottomsort":0},{"column_id":265293,"table_id":52646,"column_name":"IsMetered","column_alias":"","column_desc":"","column_length":1,"column_type_id":0,"sort":1,"column_type":"Unknown","emptybottomsort":0},{"column_id":265294,"table_id":52646,"column_name":"Engineer","column_alias":"","column_desc":"","column_length":30,"column_type_id":0,"sort":1,"column_type":"Unknown","emptybottomsort":0},{"column_id":265295,"table_id":52646,"column_name":"Electrician","column_alias":"","column_desc":"","column_length":30,"column_type_id":0,"sort":1,"column_type":"Unknown","emptybottomsort":0},{"column_id":265296,"table_id":52646,"column_name":"Actuation","column_alias":"","column_desc":"","column_length":8,"column_type_id":3,"sort":1,"column_type":"Integer","emptybottomsort":0},{"column_id":265297,"table_id":52646,"column_name":"RoadAuthority","column_alias":"","column_desc":"","column_length":3,"column_type_id":3,"sort":1,"column_type":"Integer","emptybottomsort":0},{"column_id":265298,"table_id":52646,"column_name":"SignalSystem","column_alias":"","column_desc":"","column_length":8,"column_type_id":3,"sort":1,"column_type":"Integer","emptybottomsort":0},{"column_id":265299,"table_id":52646,"column_name":"PrimaryConnect","column_alias":"","column_desc":"","column_length":8,"column_type_id":3,"sort":1,"column_type":"Integer","emptybottomsort":0},{"column_id":265300,"table_id":52646,"column_name":"EmergencyPE","column_alias":"","column_desc":"","column_length":1,"column_type_id":3,"sort":1,"column_type":"Integer","emptybottomsort":0},{"column_id":265301,"table_id":52646,"column_name":"RailroadPE","column_alias":"","column_desc":"","column_length":1,"column_type_id":3,"sort":1,"column_type":"Integer","emptybottomsort":0},{"column_id":265302,"table_id":52646,"column_name":"BusPE","column_alias":"","column_desc":"","column_length":1,"column_type_id":3,"sort":1,"column_type":"Integer","emptybottomsort":0},{"column_id":265303,"table_id":52646,"column_name":"LightRailPE","column_alias":"","column_desc":"","column_length":1,"column_type_id":3,"sort":1,"column_type":"Integer","emptybottomsort":0},{"column_id":265304,"table_id":52646,"column_name":"OtherPE","column_alias":"","column_desc":"","column_length":1,"column_type_id":3,"sort":1,"column_type":"Integer","emptybottomsort":0},{"column_id":265305,"table_id":52646,"column_name":"CabinetType","column_alias":"","column_desc":"","column_length":8,"column_type_id":4,"sort":1,"column_type":"Date","emptybottomsort":0},{"column_id":265306,"table_id":52646,"column_name":"ControllerMemModule","column_alias":"","column_desc":"","column_length":8,"column_type_id":4,"sort":1,"column_type":"Date","emptybottomsort":0},{"column_id":265307,"table_id":52646,"column_name":"SoftwareType","column_alias":"","column_desc":"","column_length":8,"column_type_id":4,"sort":1,"column_type":"Date","emptybottomsort":0},{"column_id":265308,"table_id":52646,"column_name":"SoftwareRevision","column_alias":"","column_desc":"","column_length":8,"column_type_id":4,"sort":1,"column_type":"Date","emptybottomsort":0},{"column_id":265309,"table_id":52646,"column_name":"StandardsCompliance","column_alias":"","column_desc":"","column_length":4,"column_type_id":3,"sort":1,"column_type":"Integer","emptybottomsort":0}]}]}
