{"layer_id":52497,"title":"TSP_Classifications_pdx","output_geodatabase":"EGH_PUBLIC","feature_dataset_name":"Stand-Alone","item_name":"TSP_Classifications_pdx","category_id":50024,"bureau_id":17,"contact_id":50104,"common_id":50010,"db_type_id":50003,"originator":"City of Portland","resource_url":"","abstract":"TSP classifications are part of a group of layers that make up the Transportation System Plan, which is the 20-year plan for transportation improvements in the City of Portland. The goal of the TSP is to provide transportation choices for residents, employees, visitors and firms doing business in Portland by describing what the system should look like and what purpose it fulfills.  This linear feature class contains the street classifications of the TSP.  Attribution for classifications under Traffic, Transit, Bicycle, Pedestrian, Freight, Emergency Response and Street Design designate the type of movement and planning that should be emphasized on each street.  Classification descriptions are used to describe how streets should function for each modes of travel, not necessarily how they are functioning at present. ","purpose":"","supplemental_information":"For more specific descriptions of the various designations under each classification refer to the Transportation Element of the Comprehensive Plan in Volume 1, Policies and System Improvements, at: http:\/\/www.portlandonline.com\/Transportation\/index.cfm?c=39112.","last_update_date":"2013-03-29 15:00:00.0","source_last_update_date":"2015-03-19 08:08:26.0","maint_update_frequency":"Irregular","extent":"Clackamas County, Multnomah County, and Washington County, Oregon","data_type":"Vector","shape_type":"Polyline","feature_count":38670,"raster_object_type":"Grid cell","row_count":0,"column_count":0,"coordinate_resolution":"","metadata_date":"2015-03-19 00:00:00.0","theme_keyword":"street classifications, planning, TSP, transportation system plan, policy","place_keyword":"Portland, Multnomah County, Washington County, Clackamas County, Oregon","horizontal_pos_acc_link":"Taxlots","ext_flag":"I","publication_date":"2003-01-01 00:00:00.0","access_constraints":"None","use_constraints":"These data are distributed uner the terms of the City of Portland Data Distribution Policy.","progress":"Complete                                ","north_bounding_coordinate":46.08065859    ,"south_bounding_coordinate":44.85462409    ,"east_bounding_coordinate":-121.65053671  ,"west_bounding_coordinate":-123.47121656  ,"horizontal_pos_accuracy":"","theme_keyword_thesaurus":"None                                    ","place_keyword_thesaurus":"None                                    ","source_dataset_type":"Personal Geodatabase","file_path":"","source_server_name":"","source_instance":"","source_database_name":"","source_feature_dataset_name":"","source_feature_class_name":"","source_user_name":"","source_password":"","category":"Planning","grid_coord_system_name":"NAD_1983_HARN_StatePlane_Oregon_North_FIPS_3601_Feet_Intl","planar_distance_units":"International feet       ","horizontal_datum_name":"North American Datum of 1983\/1991 (HPGN)","distribution_liability":"The information in this file was derived from digital databases on the City of Portland GIS.  Care was taken in the creation of this file. The City cannot accept any responsibility for errors, omissions, or positional accuracy. There are no warranties, expressed or implied.","format_name":"Shapefile or File Geodatabase Feature Class - Data will be provided via City of Portland FTP Site.","online_network_resource_name":"http:\/\/CivicApps.org","online_access_instructions":"City of Portland Public\/Open Data is distributed via the CivicApps Site - http:\/\/CivicApps.org.  Data not available on the CivicApps site can be requested by contacting the City of Portland CGIS Group - maps@portlandoregon.gov","offline_media":"","offline_recording_format":"","transfer_size":"varies","spcs_zone_identifier":5076,"contact_name":"Kevin York","contact_phone":"503 823-5383","contact_fax":"503 823-7576","contact_email":"Kevin.York@portlandoregon.gov","contact_organization":"City of Portland - PBOT","contact_address":"1120 SW Fifth Avenue, Suite #800","contact_city":"Portland","contact_state":"OR","contact_zipcode":97204,"org_phone":"503 823-5185","org_fax":"503 823-7576","org_email":"PBOTCommunications@portlandoregon.gov","db_type":"SDE","bureau":"Bureau of Transportation","bureau_desc":"PBOT","lineage":[],"files":[{"file_id":293,"file_name":"52497.png","file_type":"image\/png","file_desc":"","file_size":261143,"sort":"","emptybottomsort":1,"file_url":"http:\/\/dev.portlandmaps.com\/metadata\/index.cfm?action=DisplayFile&FileID=293"}],"tables":[{"layer_table_xref_id":515,"layer_id":52497,"table_id":52426,"table_name":"TSP_Classifications_pdx","table_desc":"","table_jurisdiction":"","columns":[{"column_id":60632,"table_id":52426,"column_name":"TRAFFIC","column_alias":"","column_desc":"","column_length":8,"column_type_id":1,"sort":1,"column_type":"String","emptybottomsort":0},{"column_id":60633,"table_id":52426,"column_name":"TRANSIT","column_alias":"","column_desc":"","column_length":8,"column_type_id":1,"sort":1,"column_type":"String","emptybottomsort":0},{"column_id":60635,"table_id":52426,"column_name":"PEDESTRIAN","column_alias":"","column_desc":"","column_length":8,"column_type_id":1,"sort":1,"column_type":"String","emptybottomsort":0},{"column_id":60636,"table_id":52426,"column_name":"FREIGHT","column_alias":"","column_desc":"","column_length":8,"column_type_id":1,"sort":1,"column_type":"String","emptybottomsort":0},{"column_id":60637,"table_id":52426,"column_name":"EMERGENCY","column_alias":"","column_desc":"","column_length":8,"column_type_id":1,"sort":1,"column_type":"String","emptybottomsort":0},{"column_id":61699,"table_id":52426,"column_name":"TRANPLANID","column_alias":"","column_desc":"","column_length":15,"column_type_id":1,"sort":1,"column_type":"String","emptybottomsort":0},{"column_id":61702,"table_id":52426,"column_name":"BICYCLE","column_alias":"","column_desc":"","column_length":8,"column_type_id":1,"sort":1,"column_type":"String","emptybottomsort":0},{"column_id":61707,"table_id":52426,"column_name":"DESIGN","column_alias":"","column_desc":"","column_length":8,"column_type_id":1,"sort":1,"column_type":"String","emptybottomsort":0},{"column_id":61709,"table_id":52426,"column_name":"GREENSCAPE","column_alias":"","column_desc":"","column_length":3,"column_type_id":1,"sort":1,"column_type":"String","emptybottomsort":0},{"column_id":72116,"table_id":52426,"column_name":"MODIFIEDBY","column_alias":"","column_desc":"","column_length":30,"column_type_id":1,"sort":1,"column_type":"String","emptybottomsort":0},{"column_id":72117,"table_id":52426,"column_name":"MODIFIEDON","column_alias":"","column_desc":"","column_length":36,"column_type_id":4,"sort":1,"column_type":"Date","emptybottomsort":0},{"column_id":72118,"table_id":52426,"column_name":"MODIFIEDUSING","column_alias":"","column_desc":"","column_length":30,"column_type_id":1,"sort":1,"column_type":"String","emptybottomsort":0},{"column_id":72119,"table_id":52426,"column_name":"COMMENTS","column_alias":"","column_desc":"","column_length":255,"column_type_id":1,"sort":1,"column_type":"String","emptybottomsort":0},{"column_id":72121,"table_id":52426,"column_name":"STREETNAME","column_alias":"","column_desc":"","column_length":50,"column_type_id":1,"sort":1,"column_type":"String","emptybottomsort":0}]}]}
