{"layer_id":53141,"title":"DrinkingFountain","output_geodatabase":"pwbWater","feature_dataset_name":"WaterGIS","item_name":"DrinkingFountain","category_id":50037,"bureau_id":28,"contact_id":50155,"common_id":50006,"db_type_id":50003,"originator":"City of Portland","resource_url":"","abstract":"Drinking Fountains","purpose":"To allow Bureau staff to design, construct, utilize, analyze and manage the Bureau's water supply and distribution system.","supplemental_information":"","last_update_date":"2013-09-26 03:00:00.0","source_last_update_date":"1900-01-01 00:00:00.0","maint_update_frequency":"As needed","extent":"City of Portland","data_type":"Vector","shape_type":"Point","feature_count":130,"raster_object_type":"","row_count":0,"column_count":0,"coordinate_resolution":"","metadata_date":"2015-01-09 10:14:10.0","theme_keyword":"","place_keyword":"Portland, Multnomah County, Washington County, Clackamas County, Oregon","horizontal_pos_acc_link":"Taxlots","ext_flag":"E","publication_date":"","access_constraints":"None","use_constraints":"These data are distributed uner the terms of the City of Portland Data Distribution Policy.","progress":"Complete                                ","north_bounding_coordinate":46.08065859    ,"south_bounding_coordinate":44.85462409    ,"east_bounding_coordinate":-121.65053671  ,"west_bounding_coordinate":-123.47121656  ,"horizontal_pos_accuracy":"","theme_keyword_thesaurus":"None                                    ","place_keyword_thesaurus":"None                                    ","source_dataset_type":"Enterprise Geodatabase","file_path":"","source_server_name":"","source_instance":"","source_database_name":"","source_feature_dataset_name":"","source_feature_class_name":"","source_user_name":"","source_password":"","category":"Water Distribution System","grid_coord_system_name":"State plane coordinate system 1983(91).","planar_distance_units":"International feet","horizontal_datum_name":"North American Datum of 1983\/1991 (HPGN)","distribution_liability":"The City of Portland has placed restrictions on the distribution of this data due to security concerns.  Access requests will be considered on a case-by-case basis.  The information in this file was derived from digital databases on the City of Portland GIS. Care was taken in the creation of this file. The City  cannot accept any responsibility for errors, omissions, or positional accuracy.  There are no warranties, expressed or implied.","format_name":"Shapefile or File Geodatabase Feature Class - Data will be provided via City of Portland FTP Site.","online_network_resource_name":"","online_access_instructions":"","offline_media":"","offline_recording_format":"","transfer_size":"varies","spcs_zone_identifier":5076,"contact_name":"Jennifer Gardner","contact_phone":"503 823-7646","contact_fax":"","contact_email":"jennifer.gardner@portlandoregon.gov","contact_organization":"City of Portland - PWB","contact_address":"1900 N Interstate Ave","contact_city":"Portland","contact_state":"OR","contact_zipcode":97227,"org_phone":"(503) 823-7770","org_fax":"","org_email":"PWBCustomerService@portlandoregon.gov","db_type":"SDE","bureau":"Portland Water Bureau","bureau_desc":"PWB","lineage":[],"files":[{"file_id":932,"file_name":"53141.png","file_type":"image\/png","file_desc":"","file_size":348497,"sort":"","emptybottomsort":1,"file_url":"http:\/\/dev.portlandmaps.com\/metadata\/index.cfm?action=DisplayFile&FileID=932"}],"tables":[{"layer_table_xref_id":1084,"layer_id":53141,"table_id":52993,"table_name":"DrinkingFountain","table_desc":"","table_jurisdiction":"","columns":[{"column_id":163268,"table_id":52993,"column_name":"ACCOUNTID","column_alias":"","column_desc":"","column_length":8,"column_type_id":2,"sort":1,"column_type":"Numeric","emptybottomsort":0},{"column_id":163269,"table_id":52993,"column_name":"ADDRESSNUMBER","column_alias":"","column_desc":"","column_length":12,"column_type_id":1,"sort":1,"column_type":"String","emptybottomsort":0},{"column_id":163270,"table_id":52993,"column_name":"FACILITYID","column_alias":"","column_desc":"","column_length":8,"column_type_id":2,"sort":1,"column_type":"Numeric","emptybottomsort":0},{"column_id":163271,"table_id":52993,"column_name":"SUBTYPE","column_alias":"","column_desc":"","column_length":4,"column_type_id":3,"sort":1,"column_type":"Integer","emptybottomsort":0},{"column_id":163272,"table_id":52993,"column_name":"TEMPUID","column_alias":"","column_desc":"","column_length":8,"column_type_id":2,"sort":1,"column_type":"Numeric","emptybottomsort":0},{"column_id":163273,"table_id":52993,"column_name":"COMMENTARY","column_alias":"","column_desc":"","column_length":120,"column_type_id":1,"sort":1,"column_type":"String","emptybottomsort":0},{"column_id":163274,"table_id":52993,"column_name":"ENABLED","column_alias":"","column_desc":"","column_length":2,"column_type_id":3,"sort":1,"column_type":"Integer","emptybottomsort":0},{"column_id":163275,"table_id":52993,"column_name":"ANCILLARYROLE","column_alias":"","column_desc":"","column_length":2,"column_type_id":3,"sort":1,"column_type":"Integer","emptybottomsort":0},{"column_id":163276,"table_id":52993,"column_name":"MODIFIEDBY","column_alias":"","column_desc":"","column_length":50,"column_type_id":1,"sort":1,"column_type":"String","emptybottomsort":0},{"column_id":163277,"table_id":52993,"column_name":"MODIFIEDDATE","column_alias":"","column_desc":"","column_length":36,"column_type_id":4,"sort":1,"column_type":"Date","emptybottomsort":0},{"column_id":163278,"table_id":52993,"column_name":"STATUS","column_alias":"","column_desc":"","column_length":5,"column_type_id":1,"sort":1,"column_type":"String","emptybottomsort":0},{"column_id":163279,"table_id":52993,"column_name":"ANNEXATIONDATE","column_alias":"","column_desc":"","column_length":36,"column_type_id":4,"sort":1,"column_type":"Date","emptybottomsort":0},{"column_id":163280,"table_id":52993,"column_name":"ANNEXED","column_alias":"","column_desc":"","column_length":3,"column_type_id":1,"sort":1,"column_type":"String","emptybottomsort":0},{"column_id":163281,"table_id":52993,"column_name":"COMMENTS","column_alias":"","column_desc":"","column_length":100,"column_type_id":1,"sort":1,"column_type":"String","emptybottomsort":0},{"column_id":163282,"table_id":52993,"column_name":"RESEARCHED","column_alias":"","column_desc":"","column_length":3,"column_type_id":1,"sort":1,"column_type":"String","emptybottomsort":0},{"column_id":163283,"table_id":52993,"column_name":"FOUNTAINSTYLE","column_alias":"","column_desc":"","column_length":50,"column_type_id":1,"sort":1,"column_type":"String","emptybottomsort":0},{"column_id":163284,"table_id":52993,"column_name":"FACILITY_FOLDER","column_alias":"","column_desc":"","column_length":500,"column_type_id":1,"sort":1,"column_type":"String","emptybottomsort":0}]}]}
