{"layer_id":52267,"title":"LTA Homebuyer Opportunity Areas","output_geodatabase":"EGH_PUBLIC","feature_dataset_name":"Stand-Alone","item_name":"lta_homebuyer_opportunity_pdx","category_id":50001,"bureau_id":24,"contact_id":50135,"common_id":50010,"db_type_id":50003,"originator":"Portland Development Commission","resource_url":"","abstract":"Qualifying areas for the Homebuyer Opporunity Program","purpose":"A. The Bureau of Planning shall be the agency responsible for designating homebuyer opportunity areas. The Portland Development Commission and the Bureau of Housing and Community Development shall be consulted in the designation process. The designation of such areas shall occur in the form of a public hearing conducted before the City Planning Commission through a legislative process appealable to City Council. If there is no appeal within 30 days of the decision by the Planning Commission, the decision shall be final. The Bureau of Planning shall make available maps indicating current homebuyer opportunity areas. The designation of the first homebuyer opportunity areas shall be conducted as nearly as possible in conjunction with the adoption of this ordinance implementing tax exemption in such designated areas. From the date of the first designation, a review of the areas for possible amendment of the boundaries of the homebuyer opportunity areas shall occur at least every three years.     B. The criteria for designating homebuyer opportunity areas shall include a consideration of the following factors:    1. The area is primarily a residential area of the city which is detrimental to the safety, health and welfare of the community by reason of deterioration, inadequate or improper facilities; the existence of unsafe or abandoned structures, including but not limited to a significant number of vacant or abandoned single or multi-family residential units; or any combination of these or similar factors; and,     2. The incentive of limited property tax exemption in a homebuyer opportunity area will help to carry out adopted policies, or area-wide or district plans of the city related to housing or neighborhood revitalization.    C. At no time shall the cumulative land area within the boundaries of homebuyer opportunity areas exceed 20 percent of the total land area of the city.     D. The Bureau of Planning shall also establish the price limit of newly constructed single-unit housing eligible for the limited property tax exemption as provided by this Chapter. The price limit shall not exceed 120 percent of the median sales price of single-family homes located within the city. The median sales price shall be determined, with assistance by the County Assessor, using the sales data collected under ORS 309.200 for the period ending the prior November 30 relative to single-family homes. In addition, the Bureau of Planning may use data made available by the real estate and construction or other appropriate industry. The median sales price shall be established by resolution prior to January 1 of each year during the effective time of this program","supplemental_information":"For supplemental info about Homebuyer Opprotunity Areas http:\/\/www.portlandonline.com\/auditor\/index.cfm?c=ciegf","last_update_date":"2012-07-31 09:36:00.0","source_last_update_date":"2014-06-19 13:59:37.0","maint_update_frequency":"As needed","extent":"Clackamas County, Multnomah County, and Washington County, Oregon","data_type":"Vector","shape_type":"Polygon","feature_count":34,"raster_object_type":"Grid cell","row_count":0,"column_count":0,"coordinate_resolution":"","metadata_date":"2014-06-19 00:00:00.0","theme_keyword":"Homebuyer Opportunity Areas","place_keyword":"Portland, Multnomah County, Oregon","horizontal_pos_acc_link":"Taxlots","ext_flag":"I","publication_date":"2006-01-01 00:00:00.0","access_constraints":"None","use_constraints":"These data are distributed uner the terms of the City of Portland Data Distribution Policy.","progress":"Complete                                ","north_bounding_coordinate":46.08065859    ,"south_bounding_coordinate":44.85462409    ,"east_bounding_coordinate":-121.65053671  ,"west_bounding_coordinate":-123.47121656  ,"horizontal_pos_accuracy":"","theme_keyword_thesaurus":"None                                    ","place_keyword_thesaurus":"None                                    ","source_dataset_type":"Shapefile","file_path":"","source_server_name":"","source_instance":"","source_database_name":"","source_feature_dataset_name":"","source_feature_class_name":"","source_user_name":"","source_password":"","category":"Boundary","grid_coord_system_name":"NAD_1983_HARN_StatePlane_Oregon_North_FIPS_3601_Feet_Intl","planar_distance_units":"International feet       ","horizontal_datum_name":"North American Datum of 1983\/1991 (HPGN)","distribution_liability":"The information in this file was derived from digital databases on the City of Portland GIS.  Care was taken in the creation of this file. The City cannot accept any responsibility for errors, omissions, or positional accuracy. There are no warranties, expressed or implied.","format_name":"Shapefile or File Geodatabase Feature Class - Data will be provided via City of Portland FTP Site.","online_network_resource_name":"http:\/\/CivicApps.org","online_access_instructions":"City of Portland Public\/Open Data is distributed via the CivicApps Site - http:\/\/CivicApps.org.  Data not available on the CivicApps site can be requested by contacting the City of Portland CGIS Group - maps@portlandoregon.gov","offline_media":"","offline_recording_format":"","transfer_size":"varies","spcs_zone_identifier":5076,"contact_name":"Carmen Piekarski","contact_phone":"503-823-6891","contact_fax":"503-823-7800","contact_email":"Carmen.Piekarski@portlandoregon.gov","contact_organization":"City of Portland - BPS","contact_address":"1900 SW 4th Avenue, Suite #7100","contact_city":"Portland","contact_state":"OR","contact_zipcode":97201,"org_phone":"503-823-7700","org_fax":"503-823-7800","org_email":"BPS@portlandoregon.gov","db_type":"SDE","bureau":"Bureau of Housing and Community Development","bureau_desc":"BHCD","lineage":[],"files":[{"file_id":255,"file_name":"52267.png","file_type":"image\/png","file_desc":"","file_size":219811,"sort":"","emptybottomsort":1,"file_url":"http:\/\/dev.portlandmaps.com\/metadata\/index.cfm?action=DisplayFile&FileID=255"}],"tables":[{"layer_table_xref_id":287,"layer_id":52267,"table_id":52193,"table_name":"lta_homebuyer_opportunity_pdx","table_desc":"","table_jurisdiction":"","columns":[{"column_id":253315,"table_id":52193,"column_name":"OBJECTID","column_alias":"","column_desc":"","column_length":4,"column_type_id":3,"sort":1,"column_type":"Integer","emptybottomsort":0},{"column_id":253316,"table_id":52193,"column_name":"TYPE","column_alias":"","column_desc":"","column_length":30,"column_type_id":3,"sort":1,"column_type":"Integer","emptybottomsort":0}]}]}
