{"layer_id":52783,"title":"guardrail_pdx","output_geodatabase":"ASSETS_PDOT","feature_dataset_name":"Stand-Alone","item_name":"guardrail_pdx","category_id":50030,"bureau_id":17,"contact_id":50099,"common_id":50010,"db_type_id":50003,"originator":"City of Portland","resource_url":"","abstract":"","purpose":"","supplemental_information":"","last_update_date":"2013-11-14 14:50:29.0","source_last_update_date":"2015-03-19 08:02:49.0","maint_update_frequency":"Unknown","extent":"Clackamas County, Multnomah County, and Washington County, Oregon","data_type":"Vector","shape_type":"Polyline","feature_count":1144,"raster_object_type":"","row_count":0,"column_count":0,"coordinate_resolution":"","metadata_date":"2015-03-19 00:00:00.0","theme_keyword":"","place_keyword":"Portland, Multnomah County, Washington County, Clackamas County, Oregon","horizontal_pos_acc_link":"Taxlots","ext_flag":"E","publication_date":"","access_constraints":"None","use_constraints":"These data are distributed uner the terms of the City of Portland Data Distribution Policy.","progress":"Complete                                ","north_bounding_coordinate":46.08065859    ,"south_bounding_coordinate":44.85462409    ,"east_bounding_coordinate":-121.65053671  ,"west_bounding_coordinate":-123.47121656  ,"horizontal_pos_accuracy":"","theme_keyword_thesaurus":"None                                    ","place_keyword_thesaurus":"None                                    ","source_dataset_type":"Personal Geodatabase","file_path":"","source_server_name":"","source_instance":"","source_database_name":"","source_feature_dataset_name":"","source_feature_class_name":"","source_user_name":"","source_password":"","category":"Transportation - Street Features","grid_coord_system_name":"NAD_1983_HARN_StatePlane_Oregon_North_FIPS_3601_Feet_Intl","planar_distance_units":"International feet       ","horizontal_datum_name":"North American Datum of 1983\/1991 (HPGN)","distribution_liability":"The information in this file was derived from digital databases on the City of Portland GIS.  Care was taken in the creation of this file. The City cannot accept any responsibility for errors, omissions, or positional accuracy. There are no warranties, expressed or implied.","format_name":"Shapefile or File Geodatabase Feature Class - Data will be provided via City of Portland FTP Site.","online_network_resource_name":"http:\/\/CivicApps.org","online_access_instructions":"City of Portland Public\/Open Data is distributed via the CivicApps Site - http:\/\/CivicApps.org.  Data not available on the CivicApps site can be requested by contacting the City of Portland CGIS Group - maps@portlandoregon.gov","offline_media":"","offline_recording_format":"","transfer_size":"varies","spcs_zone_identifier":5076,"contact_name":"City of PDX","contact_phone":"503-823-4000","contact_fax":"503-823-4000","contact_email":"cgis@portlandoregon.gov","contact_organization":"City of Portland","contact_address":"1120 SW Fifth Avenue","contact_city":"Portland","contact_state":"OR","contact_zipcode":97201,"org_phone":"503 823-7700","org_fax":"503-823-7800","org_email":"cgis@portlandoregon.gov","db_type":"SDE","bureau":"Bureau of Transportation","bureau_desc":"PBOT","lineage":[],"files":[{"file_id":381,"file_name":"52783.png","file_type":"image\/png","file_desc":"","file_size":259706,"sort":"","emptybottomsort":1,"file_url":"http:\/\/dev.portlandmaps.com\/metadata\/index.cfm?action=DisplayFile&FileID=381"}],"tables":[{"layer_table_xref_id":734,"layer_id":52783,"table_id":52626,"table_name":"guardrail_pdx","table_desc":"","table_jurisdiction":"","columns":[{"column_id":75825,"table_id":52626,"column_name":"ASSETID","column_alias":"","column_desc":"","column_length":15,"column_type_id":1,"sort":1,"column_type":"String","emptybottomsort":0},{"column_id":75827,"table_id":52626,"column_name":"GUARDRAILTYPE","column_alias":"","column_desc":"","column_length":4,"column_type_id":3,"sort":1,"column_type":"Integer","emptybottomsort":0},{"column_id":137112,"table_id":52626,"column_name":"LocationID","column_alias":"","column_desc":"","column_length":15,"column_type_id":0,"sort":1,"column_type":"Unknown","emptybottomsort":0},{"column_id":137113,"table_id":52626,"column_name":"ImagePath","column_alias":"","column_desc":"","column_length":255,"column_type_id":0,"sort":1,"column_type":"Unknown","emptybottomsort":0},{"column_id":137114,"table_id":52626,"column_name":"TotalLength","column_alias":"","column_desc":"","column_length":8,"column_type_id":2,"sort":1,"column_type":"Numeric","emptybottomsort":0},{"column_id":137115,"table_id":52626,"column_name":"SectionLength","column_alias":"","column_desc":"","column_length":8,"column_type_id":2,"sort":1,"column_type":"Numeric","emptybottomsort":0},{"column_id":191228,"table_id":52626,"column_name":"Owner","column_alias":"","column_desc":"","column_length":15,"column_type_id":0,"sort":1,"column_type":"Unknown","emptybottomsort":0},{"column_id":191229,"table_id":52626,"column_name":"MaintResp","column_alias":"","column_desc":"","column_length":15,"column_type_id":0,"sort":1,"column_type":"Unknown","emptybottomsort":0},{"column_id":242683,"table_id":52626,"column_name":"DistAlongSt","column_alias":"","column_desc":"","column_length":4,"column_type_id":3,"sort":1,"column_type":"Integer","emptybottomsort":0},{"column_id":242684,"table_id":52626,"column_name":"MeasureDir","column_alias":"","column_desc":"","column_length":1,"column_type_id":3,"sort":1,"column_type":"Integer","emptybottomsort":0},{"column_id":242685,"table_id":52626,"column_name":"MeasureFrom","column_alias":"","column_desc":"","column_length":50,"column_type_id":3,"sort":1,"column_type":"Integer","emptybottomsort":0},{"column_id":242686,"table_id":52626,"column_name":"DistFromEdge","column_alias":"","column_desc":"","column_length":4,"column_type_id":3,"sort":1,"column_type":"Integer","emptybottomsort":0},{"column_id":242687,"table_id":52626,"column_name":"MinRailHeight","column_alias":"","column_desc":"","column_length":2,"column_type_id":3,"sort":1,"column_type":"Integer","emptybottomsort":0},{"column_id":242688,"table_id":52626,"column_name":"MaxRailHeight","column_alias":"","column_desc":"","column_length":2,"column_type_id":3,"sort":1,"column_type":"Integer","emptybottomsort":0},{"column_id":242689,"table_id":52626,"column_name":"SectionsStraight","column_alias":"","column_desc":"","column_length":2,"column_type_id":3,"sort":1,"column_type":"Integer","emptybottomsort":0},{"column_id":242690,"table_id":52626,"column_name":"SectionsConcave","column_alias":"","column_desc":"","column_length":2,"column_type_id":3,"sort":1,"column_type":"Integer","emptybottomsort":0},{"column_id":242691,"table_id":52626,"column_name":"SectionsConvex","column_alias":"","column_desc":"","column_length":2,"column_type_id":3,"sort":1,"column_type":"Integer","emptybottomsort":0},{"column_id":242693,"table_id":52626,"column_name":"PostsTimber6x8","column_alias":"","column_desc":"","column_length":2,"column_type_id":3,"sort":1,"column_type":"Integer","emptybottomsort":0},{"column_id":242694,"table_id":52626,"column_name":"PostsTimber8x8","column_alias":"","column_desc":"","column_length":2,"column_type_id":3,"sort":1,"column_type":"Integer","emptybottomsort":0},{"column_id":242695,"table_id":52626,"column_name":"PostsIBeam","column_alias":"","column_desc":"","column_length":2,"column_type_id":3,"sort":1,"column_type":"Integer","emptybottomsort":0},{"column_id":242696,"table_id":52626,"column_name":"PostsWideFlange","column_alias":"","column_desc":"","column_length":2,"column_type_id":3,"sort":1,"column_type":"Integer","emptybottomsort":0},{"column_id":242697,"table_id":52626,"column_name":"PostsConcrete8D","column_alias":"","column_desc":"","column_length":2,"column_type_id":3,"sort":1,"column_type":"Integer","emptybottomsort":0},{"column_id":242698,"table_id":52626,"column_name":"PostsConcrete8x8","column_alias":"","column_desc":"","column_length":2,"column_type_id":3,"sort":1,"column_type":"Integer","emptybottomsort":0},{"column_id":242699,"table_id":52626,"column_name":"PostsOther","column_alias":"","column_desc":"","column_length":2,"column_type_id":3,"sort":1,"column_type":"Integer","emptybottomsort":0},{"column_id":242700,"table_id":52626,"column_name":"HazardDist","column_alias":"","column_desc":"","column_length":2,"column_type_id":3,"sort":1,"column_type":"Integer","emptybottomsort":0},{"column_id":242701,"table_id":52626,"column_name":"HazardDesc","column_alias":"","column_desc":"","column_length":100,"column_type_id":3,"sort":1,"column_type":"Integer","emptybottomsort":0},{"column_id":245726,"table_id":52626,"column_name":"LastInspDate","column_alias":"","column_desc":"","column_length":36,"column_type_id":4,"sort":1,"column_type":"Date","emptybottomsort":0},{"column_id":256721,"table_id":52626,"column_name":"FlaredAway","column_alias":"","column_desc":"","column_length":1,"column_type_id":4,"sort":1,"column_type":"Date","emptybottomsort":0},{"column_id":265185,"table_id":52626,"column_name":"RailType","column_alias":"","column_desc":"","column_length":8,"column_type_id":2,"sort":1,"column_type":"Numeric","emptybottomsort":0},{"column_id":265186,"table_id":52626,"column_name":"Reflectors","column_alias":"","column_desc":"","column_length":1,"column_type_id":3,"sort":1,"column_type":"Integer","emptybottomsort":0},{"column_id":265187,"table_id":52626,"column_name":"NearEndTreatment","column_alias":"","column_desc":"","column_length":8,"column_type_id":3,"sort":1,"column_type":"Integer","emptybottomsort":0},{"column_id":265188,"table_id":52626,"column_name":"FarEndTreatment","column_alias":"","column_desc":"","column_length":8,"column_type_id":3,"sort":1,"column_type":"Integer","emptybottomsort":0},{"column_id":265189,"table_id":52626,"column_name":"Blockouts","column_alias":"","column_desc":"","column_length":1,"column_type_id":3,"sort":1,"column_type":"Integer","emptybottomsort":0},{"column_id":265190,"table_id":52626,"column_name":"PostsSpacing","column_alias":"","column_desc":"","column_length":15,"column_type_id":3,"sort":1,"column_type":"Integer","emptybottomsort":0},{"column_id":265191,"table_id":52626,"column_name":"HazardType","column_alias":"","column_desc":"","column_length":8,"column_type_id":3,"sort":1,"column_type":"Integer","emptybottomsort":0},{"column_id":265192,"table_id":52626,"column_name":"Slope","column_alias":"","column_desc":"","column_length":8,"column_type_id":3,"sort":1,"column_type":"Integer","emptybottomsort":0}]}]}
