{"layer_id":52141,"layer_name":"storefront_imp_areas_pdx","title":"Storefront Target Areas.shp","dataset_name":"storefront_imp_areas_pdx","feature_class_name":"","category_id":50013,"bureau_id":14,"contact_id":50120,"common_id":50005,"db_type_id":50003,"originator":"Portland Development Commission","resource_url":"","abstract":"The Storefront Improvement Program is a major component of the city's revitalization efforts, providing cash grants and technical assistance to business and property owners in eligible neighborhoods. Recipients can use the support for a variety of improvements, ranging from repainting to purchase of new windows and awnings. Please refer to the PDC link at http:\/\/www.pdc.us\/pubs\/inv_detail.asp?id=179&ty=46 to get more information about Storefront Improvment Program","purpose":"","supplemental_information":"The Storefront Improvement Program is supported by a variety of public funding sources and, as a result, is focused in designated target areas throughout the city. The program is a convenient, direct way for local businesses and commercial property owners in these target areas to receive help with exterior renovations. 1).Awards grants up to $20,000 to a property owner or business owner; 2). Provides, where available, free design assistance from an architect to help with design work and regulatory compliance.","last_update_date":"2013-08-30 14:46:00.0","source_last_update_date":"2014-02-19 13:29:35.0","maint_update_frequency":"Irregular","extent":"Multnomah County, City of Portland, Oregon","data_type":"Vector","shape_type":"Polygon","feature_count":10,"raster_object_type":"Grid cell","row_count":0,"column_count":0,"coordinate_resolution":"","metadata_date":"2014-05-25 00:00:00.0","theme_keyword":"Storefront Target Areas","place_keyword":"Portland, Multnomah County, Oregon","horizontal_pos_acc_link":"Taxlots","ext_flag":"E","publication_date":"2006-01-01 00:00:00.0","access_constraints":"None","use_constraints":"These data are distributed uner the terms of the City of Portland Data Distribution Policy.","source_dataset_type":"Shapefile","output_geodatabase":"EGH_Public","progress":"Complete                                ","north_bounding_coordinate":46.08065859    ,"south_bounding_coordinate":44.85462409    ,"east_bounding_coordinate":-121.65053671  ,"west_bounding_coordinate":-123.47121656  ,"horizontal_pos_accuracy":"","theme_keyword_thesaurus":"None                                    ","place_keyword_thesaurus":"None                                    ","file_path":"","server_name":"","instance":"","database_name":"","user_name":"","password":"","category":"Development","grid_coord_system_name":"State plane coordinate system 1983(91).","planar_distance_units":"International feet","horizontal_datum_name":"North American Datum of 1983\/1991 (HPGN)","distribution_liability":"The City of Portland has placed restrictions on the distribution of this data due to security concerns. The information in this file was derived from digital databases on the City of Portland GIS. Care was taken in the creation of this file. The City cannot accept any responsibility for errors, omissions, or positional accuracy. There are no warranties, expressed or implied.","format_name":"Shapefile - Data will be provided via City of Portland FTP Site.","online_network_resource_name":"http:\/\/www.portlandoregon.gov\/bts\/60510","online_access_instructions":"If the data is not available on http:\/\/CivicApps.org The City of Portland can place the data on its FTP Site by request.  Call 503-823-5198 or e-mail cgis@portlandoregon.gov for instructions.","offline_media":"CD-ROM","offline_recording_format":"ISO9660 (DOS, Unix or Macintosh)","transfer_size":"","spcs_zone_identifier":5076  ,"contact_name":"Robert Smith","contact_phone":"503 823-0411","contact_fax":"503 865-3796","contact_email":"SmithR@pdc.us","contact_organization":"Portland Development Commission","contact_address":"222 NW Fifth Avenue","contact_city":"Portland","contact_state":"OR","contact_zipcode":"97209-3859","org_phone":"503 823-3200","org_fax":"503 823-3368","org_email":"smithr@pdc.us","db_type":"SDE","bureau":"Portland Development Commission","bureau_desc":"PDC","lineage":[],"files":[{"file_id":196,"file_name":"52141.png","file_type":"image\/png","file_desc":"","file_size":328534,"sort":"","emptybottomsort":1,"file_url":"http:\/\/dev.portlandmaps.com\/metadata\/index.cfm?action=DisplayFile&FileID=196"}],"tables":[{"layer_table_xref_id":168,"layer_id":52141,"table_id":52066,"table_name":"storefront_imp_areas_pdx","table_desc":"","table_jurisdiction":"","columns":[{"column_id":54989,"table_id":52066,"column_name":"OBJECTID","column_desc":"","column_length":8,"column_type_id":2,"sort":1,"column_type":"Numeric","emptybottomsort":0},{"column_id":63790,"table_id":52066,"column_name":"FUNDING","column_desc":"","column_length":20,"column_type_id":2,"sort":1,"column_type":"Numeric","emptybottomsort":0},{"column_id":63791,"table_id":52066,"column_name":"STOREFRONT","column_desc":"","column_length":50,"column_type_id":2,"sort":1,"column_type":"Numeric","emptybottomsort":0},{"column_id":63792,"table_id":52066,"column_name":"ACTIVE","column_desc":"","column_length":50,"column_type_id":1,"sort":1,"column_type":"String","emptybottomsort":0},{"column_id":307692,"table_id":52066,"column_name":"AREA","column_desc":"","column_length":8,"column_type_id":2,"sort":1,"column_type":"Numeric","emptybottomsort":0}]}]}
