{"layer_id":52962,"title":"Park Taxlots","output_geodatabase":"EGH_PUBLIC","feature_dataset_name":"Stand-Alone","item_name":"parks_taxlots_pdx","category_id":50046,"bureau_id":16,"contact_id":50126,"common_id":50010,"db_type_id":50003,"originator":"City of Portland","resource_url":"","abstract":"Taxlot or parcel boundaries associated with Portland Parks &amp; Recreation management.&nbsp; Attribute values are joined from PP&amp;R's Property Management database.<br>","purpose":"Represent taxlot or parcel boundaries of fee simple lands which PP&amp;R has purchased, manages, or otherwise been assigned some type of responsibility.<br>","supplemental_information":"","last_update_date":"2013-10-04 18:57:29.0","source_last_update_date":"2015-03-18 16:35:24.0","maint_update_frequency":"As Needed","extent":"Clackamas County, Multnomah County, and Washington County, Oregon","data_type":"Vector","shape_type":"Polygon","feature_count":2178,"raster_object_type":"","row_count":0,"column_count":0,"coordinate_resolution":"","metadata_date":"2015-03-20 00:00:00.0","theme_keyword":"taxlots, parks, property","place_keyword":"Portland, Multnomah County, Washington County, Clackamas County, Oregon","horizontal_pos_acc_link":"Taxlots","ext_flag":"E","publication_date":"","access_constraints":"None","use_constraints":"These data are distributed uner the terms of the City of Portland Data Distribution Policy.","progress":"Complete                                ","north_bounding_coordinate":46.08065859    ,"south_bounding_coordinate":44.85462409    ,"east_bounding_coordinate":-121.65053671  ,"west_bounding_coordinate":-123.47121656  ,"horizontal_pos_accuracy":"","theme_keyword_thesaurus":"None                                    ","place_keyword_thesaurus":"None                                    ","source_dataset_type":"File Geodatabase","file_path":"","source_server_name":"","source_instance":"","source_database_name":"","source_feature_dataset_name":"","source_feature_class_name":"","source_user_name":"","source_password":"","category":"Parks","grid_coord_system_name":"NAD_1983_HARN_StatePlane_Oregon_North_FIPS_3601_Feet_Intl","planar_distance_units":"International feet       ","horizontal_datum_name":"North American Datum of 1983\/1991 (HPGN)","distribution_liability":"The information in this file was derived from digital databases on the City of Portland GIS.  Care was taken in the creation of this file. The City cannot accept any responsibility for errors, omissions, or positional accuracy. There are no warranties, expressed or implied.","format_name":"Shapefile or File Geodatabase Feature Class - Data will be provided via City of Portland FTP Site.","online_network_resource_name":"http:\/\/CivicApps.org","online_access_instructions":"City of Portland Public\/Open Data is distributed via the CivicApps Site - http:\/\/CivicApps.org.  Data not available on the CivicApps site can be requested by contacting the City of Portland CGIS Group - maps@portlandoregon.gov","offline_media":"","offline_recording_format":"","transfer_size":"varies","spcs_zone_identifier":5076,"contact_name":"Joshua Darling","contact_phone":"503-823-2783","contact_fax":"","contact_email":"Josh.Darling@portlandoregon.gov","contact_organization":"City of Portland - PPR","contact_address":"1120 SW 5th Avenue, Suite#1302","contact_city":"Portland","contact_state":"OR","contact_zipcode":"97204-1933","org_phone":"503 823-7529","org_fax":"503 823-6007","org_email":"ParksGISSupport@portlandoregon.gov","db_type":"SDE","bureau":"Bureau of Parks and Recreation","bureau_desc":"PARKS","lineage":[],"files":[{"file_id":475,"file_name":"52962.png","file_type":"image\/png","file_desc":"","file_size":255947,"sort":"","emptybottomsort":1,"file_url":"http:\/\/dev.portlandmaps.com\/metadata\/index.cfm?action=DisplayFile&FileID=475"}],"tables":[{"layer_table_xref_id":909,"layer_id":52962,"table_id":52809,"table_name":"parks_taxlots_pdx","table_desc":"","table_jurisdiction":"","columns":[{"column_id":149112,"table_id":52809,"column_name":"CAMP_ID","column_alias":"","column_desc":"","column_length":4,"column_type_id":3,"sort":1,"column_type":"Integer","emptybottomsort":0},{"column_id":149113,"table_id":52809,"column_name":"RNO","column_alias":"","column_desc":"","column_length":30,"column_type_id":1,"sort":1,"column_type":"String","emptybottomsort":0},{"column_id":149114,"table_id":52809,"column_name":"StateID","column_alias":"","column_desc":"","column_length":50,"column_type_id":1,"sort":1,"column_type":"String","emptybottomsort":0},{"column_id":149115,"table_id":52809,"column_name":"PropertyID","column_alias":"","column_desc":"","column_length":25,"column_type_id":1,"sort":1,"column_type":"String","emptybottomsort":0},{"column_id":149116,"table_id":52809,"column_name":"Geometry_Source","column_alias":"","column_desc":"","column_length":75,"column_type_id":1,"sort":1,"column_type":"String","emptybottomsort":0},{"column_id":149117,"table_id":52809,"column_name":"CAMP_PropertyID","column_alias":"","column_desc":"","column_length":4,"column_type_id":3,"sort":1,"column_type":"Integer","emptybottomsort":0},{"column_id":149118,"table_id":52809,"column_name":"Address","column_alias":"","column_desc":"","column_length":255,"column_type_id":1,"sort":1,"column_type":"String","emptybottomsort":0},{"column_id":149119,"table_id":52809,"column_name":"Addition_Section","column_alias":"","column_desc":"","column_length":255,"column_type_id":1,"sort":1,"column_type":"String","emptybottomsort":0},{"column_id":149120,"table_id":52809,"column_name":"Year_Acquired","column_alias":"","column_desc":"","column_length":4,"column_type_id":3,"sort":1,"column_type":"Integer","emptybottomsort":0},{"column_id":149121,"table_id":52809,"column_name":"CAMP_Sq_Ft","column_alias":"","column_desc":"","column_length":4,"column_type_id":3,"sort":1,"column_type":"Integer","emptybottomsort":0},{"column_id":149122,"table_id":52809,"column_name":"Year_Recorded","column_alias":"","column_desc":"","column_length":4,"column_type_id":3,"sort":1,"column_type":"Integer","emptybottomsort":0},{"column_id":149123,"table_id":52809,"column_name":"Date_Recorded","column_alias":"","column_desc":"","column_length":36,"column_type_id":4,"sort":1,"column_type":"Date","emptybottomsort":0},{"column_id":149124,"table_id":52809,"column_name":"Grantor","column_alias":"","column_desc":"","column_length":50,"column_type_id":1,"sort":1,"column_type":"String","emptybottomsort":0},{"column_id":149125,"table_id":52809,"column_name":"Acquisition_Description","column_alias":"","column_desc":"","column_length":250,"column_type_id":1,"sort":1,"column_type":"String","emptybottomsort":0},{"column_id":149126,"table_id":52809,"column_name":"Ordinance","column_alias":"","column_desc":"","column_length":25,"column_type_id":1,"sort":1,"column_type":"String","emptybottomsort":0},{"column_id":149127,"table_id":52809,"column_name":"Deed","column_alias":"","column_desc":"","column_length":25,"column_type_id":1,"sort":1,"column_type":"String","emptybottomsort":0},{"column_id":149128,"table_id":52809,"column_name":"Notes","column_alias":"","column_desc":"","column_length":800,"column_type_id":1,"sort":1,"column_type":"String","emptybottomsort":0}]}]}
