{"layer_id":53321,"title":"Garbage Collection Schedule Areas","output_geodatabase":"EGH_PUBLIC","feature_dataset_name":"Stand-Alone","item_name":"garbage_collection_schedules_pdx","category_id":50001,"bureau_id":9,"contact_id":50100,"common_id":50010,"db_type_id":50003,"originator":"City of Portland","resource_url":"","abstract":"Polygons delineating residential garbage\/recycling\/composting curbside collection days and schedules by hauler. Areas digitized and maintained by the City of Portland Bureau of Planning & Sustainability.","purpose":"Primary purpose is to support the \"e-schedule\" residential curbside collection calendar in PortlandMaps (www.portlandonline\/bps\/eschedule).","supplemental_information":"","last_update_date":"2013-11-19 14:48:40.0","source_last_update_date":"2015-02-05 11:03:32.0","maint_update_frequency":"As needed","extent":"Portland, Oregon","data_type":"Vector","shape_type":"Polygon","feature_count":654,"raster_object_type":"NA","row_count":0,"column_count":0,"coordinate_resolution":"","metadata_date":"2015-02-05 00:00:00.0","theme_keyword":"garbage, waste, recycling, yard debris, food scraps, compost, compostables, schedule","place_keyword":"Portland, Multnomah County, Oregon","horizontal_pos_acc_link":"Taxlots","ext_flag":"E","publication_date":"2011-05-29 00:00:00.0","access_constraints":"None","use_constraints":"These data are distributed under the terms of the City of Portland Data Distribution Policy.  To review the Data Distribution Agreement, please visit http:\/\/Portland Data Distribution Policy.","progress":"Complete                                ","north_bounding_coordinate":46.08065859    ,"south_bounding_coordinate":44.85462409    ,"east_bounding_coordinate":-121.65053671  ,"west_bounding_coordinate":-123.47121656  ,"horizontal_pos_accuracy":"","theme_keyword_thesaurus":"None                                    ","place_keyword_thesaurus":"None                                    ","source_dataset_type":"File Geodatabase","file_path":"","source_server_name":"","source_instance":"","source_database_name":"","source_feature_dataset_name":"","source_feature_class_name":"","source_user_name":"","source_password":"","category":"Boundary","grid_coord_system_name":"NAD_1983_HARN_StatePlane_Oregon_North_FIPS_3601_Feet_Intl","planar_distance_units":"International feet       ","horizontal_datum_name":"North American Datum of 1983\/1991 (HPGN)","distribution_liability":"The information in this file was derived from digital databases on the City of Portland GIS.  Care was taken in the creation of this file. The City cannot accept any responsibility for errors, omissions, or positional accuracy. There are no warranties, expressed or implied.","format_name":"Shapefile or File Geodatabase Feature Class - Data will be provided via City of Portland FTP Site.","online_network_resource_name":"http:\/\/CivicApps.org","online_access_instructions":"City of Portland Public\/Open Data is distributed via the CivicApps Site - http:\/\/CivicApps.org.  Data not available on the CivicApps site can be requested by contacting the City of Portland CGIS Group - maps@portlandoregon.gov","offline_media":"","offline_recording_format":"","transfer_size":"varies","spcs_zone_identifier":5076,"contact_name":"Kevin Martin","contact_phone":"503 823-7710","contact_fax":"503 823-7800","contact_email":"kevin.martin@portlandoregon.gov","contact_organization":"City of Portland - BPS","contact_address":"1900 SW 4th Avenue, Suite #7100","contact_city":"Portland","contact_state":"OR","contact_zipcode":97201,"org_phone":"503 823-7700","org_fax":"503 823-7800","org_email":"bps@portlandoregon.gov","db_type":"SDE","bureau":"Bureau of Planning and Sustainability","bureau_desc":"BPS","lineage":[{"lineage_id":51879,"process_desc":"Created using GIS data or by digitizing paper maps provided by the individual garbage haulers. Haulers reviewed initial work and made corrections as necessary. All work done in ArcGIS 10.","process_date":"2011-05-29 00:00:00.0"}],"files":[{"file_id":557,"file_name":"53321.png","file_type":"image\/png","file_desc":"","file_size":173145,"sort":"","emptybottomsort":1,"file_url":"http:\/\/dev.portlandmaps.com\/metadata\/index.cfm?action=DisplayFile&FileID=557"}],"tables":[{"layer_table_xref_id":1266,"layer_id":53321,"table_id":53179,"table_name":"garbage_collection_schedules_pdx","table_desc":"","table_jurisdiction":"","columns":[{"column_id":210247,"table_id":53179,"column_name":"Hauler","column_alias":"","column_desc":"Hauler name","column_length":255,"column_type_id":1,"sort":1,"column_type":"String","emptybottomsort":0},{"column_id":210248,"table_id":53179,"column_name":"Coll_Day","column_alias":"","column_desc":"The day of the week garbage, recycling, and compost is collected (through 10\/30\/2011)","column_length":12,"column_type_id":1,"sort":1,"column_type":"String","emptybottomsort":0},{"column_id":210249,"table_id":53179,"column_name":"Coll_Cal","column_alias":"","column_desc":"The compost collection calendar for the collection schedule area (through 10\/30\/2011)","column_length":12,"column_type_id":1,"sort":1,"column_type":"String","emptybottomsort":0,"domain":[{"domain_id":53843,"column_id":210249,"domain_value":"Orange","domain_desc":"The area uses the \"orange\" (a.k.a., \"even\") yard debris collection calendar"},{"domain_id":53844,"column_id":210249,"domain_value":"Purple","domain_desc":"The area uses the \"purple\" (a.k.a., \"odd\") yard debris collection calendar"},{"domain_id":53845,"column_id":210249,"domain_value":"Pilot","domain_desc":"The area is within the \"Food Scrap Collection\" pilot area; collection calendars are unique to the individual haulers."}]},{"column_id":210250,"table_id":53179,"column_name":"G_Sched","column_alias":"","column_desc":"The garbage collection frequency in each schedule area (through 10\/30\/2011)","column_length":15,"column_type_id":1,"sort":1,"column_type":"String","emptybottomsort":0,"domain":[{"domain_id":53838,"column_id":210250,"domain_value":"EOW","domain_desc":"Every-Other-Week garbage collection (currently food scrap pilot areas only)"},{"domain_id":53837,"column_id":210250,"domain_value":"W","domain_desc":"Weekly garbage collection"}]},{"column_id":210251,"table_id":53179,"column_name":"G_ICD","column_alias":"","column_desc":"The \"initial collection date\" of garbage in each schedule area through 10\/30\/2011 (used by the online collection calendar)","column_length":36,"column_type_id":4,"sort":1,"column_type":"Date","emptybottomsort":0},{"column_id":210252,"table_id":53179,"column_name":"R_Sched","column_alias":"","column_desc":"The recycling collection frequency in each schedule area (through 10\/30\/2011)","column_length":15,"column_type_id":1,"sort":1,"column_type":"String","emptybottomsort":0,"domain":[{"domain_id":53840,"column_id":210252,"domain_value":"EOW","domain_desc":"Every-Other-Week recycling collection (food scrap pilot areas only)"},{"domain_id":53839,"column_id":210252,"domain_value":"W","domain_desc":"Weekly recycling collection"}]},{"column_id":210253,"table_id":53179,"column_name":"R_ICD","column_alias":"","column_desc":"The \"initial collection date\" of recycling in each schedule area through 10\/30\/2011 (used by the online collection calendar)","column_length":36,"column_type_id":4,"sort":1,"column_type":"Date","emptybottomsort":0},{"column_id":210254,"table_id":53179,"column_name":"Comp_Sched","column_alias":"","column_desc":"The compost (yard debris, and yard debris\/food scraps in the food scrap pilot area) collection frequency in each schedule area (through 10\/30\/2011)","column_length":15,"column_type_id":1,"sort":1,"column_type":"String","emptybottomsort":0,"domain":[{"domain_id":53842,"column_id":210254,"domain_value":"EOW","domain_desc":"Every-Other-Week compost collection"},{"domain_id":53841,"column_id":210254,"domain_value":"W","domain_desc":"Weekly compost collection (currently food scrap pilot areas only)"}]},{"column_id":210255,"table_id":53179,"column_name":"Comp_ICD","column_alias":"","column_desc":"The \"initial collection date\" of compost in each schedule area through 10\/30\/2011 (used by the online collection calendar)","column_length":36,"column_type_id":4,"sort":1,"column_type":"Date","emptybottomsort":0},{"column_id":210256,"table_id":53179,"column_name":"Edit_Date","column_alias":"","column_desc":"The date of the last modification to the collection schedule area","column_length":36,"column_type_id":4,"sort":1,"column_type":"Date","emptybottomsort":0},{"column_id":210257,"table_id":53179,"column_name":"Edit_Name","column_alias":"","column_desc":"The name of the individual who made the last changes to the collection schedule area","column_length":255,"column_type_id":1,"sort":1,"column_type":"String","emptybottomsort":0},{"column_id":210258,"table_id":53179,"column_name":"Review","column_alias":"","column_desc":"\"True\" indicates the area needs to be further reviewed by City of Portland staff or the garbage hauler","column_length":254,"column_type_id":1,"sort":1,"column_type":"String","emptybottomsort":0},{"column_id":210977,"table_id":53179,"column_name":"Phone_Num","column_alias":"","column_desc":"The hauler phone number","column_length":255,"column_type_id":1,"sort":1,"column_type":"String","emptybottomsort":0},{"column_id":214620,"table_id":53179,"column_name":"MC_Sched","column_alias":"","column_desc":"The \"monthly\" garbage collection frequency through 10\/30\/2011","column_length":10,"column_type_id":4,"sort":1,"column_type":"Date","emptybottomsort":0,"domain":[{"domain_id":53881,"column_id":214620,"domain_value":"FCD","domain_desc":"Monthly garbage collected on the first weekly garbage collection day of the month"},{"domain_id":53882,"column_id":214620,"domain_value":"LCD","domain_desc":"Monthly garbage collected on the last weekly garbage collection day of the month"}]},{"column_id":220262,"table_id":53179,"column_name":"OBJECTID","column_alias":"","column_desc":"Unique numeric ID for each collection area","column_length":4,"column_type_id":3,"sort":1,"column_type":"Integer","emptybottomsort":0},{"column_id":220263,"table_id":53179,"column_name":"Coll_Day_N","column_alias":"","column_desc":"The day of the week garbage, recycling, and composting is collected (effective 10\/31\/2011)","column_length":255,"column_type_id":1,"sort":1,"column_type":"String","emptybottomsort":0},{"column_id":220264,"table_id":53179,"column_name":"Coll_Cal_N","column_alias":"","column_desc":"The garbage collection \"calendar\" for the collection schedule area (effective 10\/31\/2011)","column_length":255,"column_type_id":1,"sort":1,"column_type":"String","emptybottomsort":0,"domain":[{"domain_id":53875,"column_id":220264,"domain_value":"Orange","domain_desc":"The area is on an \"orange\" (a.k.a., \"even\") garbage collection schedule"},{"domain_id":53876,"column_id":220264,"domain_value":"Purple","domain_desc":"The area is on an \"purple\" (a.k.a., \"odd\") garbage collection schedule"}]},{"column_id":220265,"table_id":53179,"column_name":"G_Sched_N","column_alias":"","column_desc":"The garbage collection frequency in each schedule area (effective 10\/31\/2011)","column_length":255,"column_type_id":1,"sort":1,"column_type":"String","emptybottomsort":0,"domain":[{"domain_id":53877,"column_id":220265,"domain_value":"EOW","domain_desc":"Evey-other-week garbage collection"}]},{"column_id":220266,"table_id":53179,"column_name":"G_ICD_N","column_alias":"","column_desc":"The \"initial collection date\" of garbage in each schedule area effective 10\/31\/2011 (used by the online collection calendar)","column_length":36,"column_type_id":4,"sort":1,"column_type":"Date","emptybottomsort":0},{"column_id":220267,"table_id":53179,"column_name":"R_Sched_N","column_alias":"","column_desc":"The recycling collection frequency in each schedule area (effective 10\/31\/2011)","column_length":255,"column_type_id":1,"sort":1,"column_type":"String","emptybottomsort":0,"domain":[{"domain_id":53878,"column_id":220267,"domain_value":"W","domain_desc":"Weekly collection"}]},{"column_id":220268,"table_id":53179,"column_name":"R_ICD_N","column_alias":"","column_desc":"The \"initial collection date\" of recycling in each schedule area effective 10\/31\/2011 (used by the online collection calendar)","column_length":36,"column_type_id":4,"sort":1,"column_type":"Date","emptybottomsort":0},{"column_id":220269,"table_id":53179,"column_name":"C_Sched_N","column_alias":"","column_desc":"The composting collection frequency in each schedule area (effective 10\/31\/2011)","column_length":255,"column_type_id":1,"sort":1,"column_type":"String","emptybottomsort":0,"domain":[{"domain_id":53879,"column_id":220269,"domain_value":"W","domain_desc":"Weekly collection"}]},{"column_id":220270,"table_id":53179,"column_name":"C_ICD_N","column_alias":"","column_desc":"The \"initial collection date\" of composting in each schedule area effective 10\/31\/2011 (used by the online collection calendar)","column_length":36,"column_type_id":4,"sort":1,"column_type":"Date","emptybottomsort":0},{"column_id":220271,"table_id":53179,"column_name":"MC_Sched_N","column_alias":"","column_desc":"The \"monthly\" garbage collection frequency effective 10\/31\/2011","column_length":255,"column_type_id":1,"sort":1,"column_type":"String","emptybottomsort":0,"domain":[{"domain_id":53880,"column_id":220271,"domain_value":"EFW","domain_desc":"Every-four-week garbage collection"}]},{"column_id":222286,"table_id":53179,"column_name":"Website","column_alias":"","column_desc":"The hauler website (where applicable)","column_length":50,"column_type_id":1,"sort":1,"column_type":"String","emptybottomsort":0},{"column_id":222287,"table_id":53179,"column_name":"Terrain","column_alias":"","column_desc":"\"T\" indicates the area is within the \"Westside Terrain Surcharge Area\"","column_length":5,"column_type_id":1,"sort":1,"column_type":"String","emptybottomsort":0},{"column_id":229253,"table_id":53179,"column_name":"Notes","column_alias":"","column_desc":"Any notes related to the collection schedule area","column_length":150,"column_type_id":1,"sort":1,"column_type":"String","emptybottomsort":0},{"column_id":311613,"table_id":53179,"column_name":"TrackIT_URL","column_alias":"","column_desc":"","column_length":150,"column_type_id":1,"sort":1,"column_type":"String","emptybottomsort":0}]}]}
