{"layer_id":52855,"title":"pavemoratorium","output_geodatabase":"ASSETS_PDOT","feature_dataset_name":"Stand-Alone","item_name":"pavemoratorium","category_id":50029,"bureau_id":17,"contact_id":50099,"common_id":50010,"db_type_id":50003,"originator":"City of Portland","resource_url":"","abstract":"This linear feature class includes planned and completed pavement treatments. If the status is PLANNED then the feature is a street that has been identified as being in need of maintenance. Further attribution will indicate the planned timing and type of work as well as a project number if applicable. If the status is&nbsp;MORATORIUM then the feature is a street that is under a five year Pavement Moratorium due to recent repair or construction of the pavement surface. The moratorium requires a higher level of pavement restoration during reconstruction which will be specified by the City Engineer through the permitting process. Attribution indicates a pavement date and moratorium end date. Once the moratorium expires the status is set to RETIRED.  All features in this class have attribution for street name and from and to locations.","purpose":"To track planned and completed paving projects and ensure that pavement restoration is observed for streets under Active Moratorium.","supplemental_information":"","last_update_date":"2013-11-14 14:54:02.0","source_last_update_date":"2015-03-19 08:02:49.0","maint_update_frequency":"Weekly","extent":"Clackamas County, Multnomah County, and Washington County, Oregon","data_type":"Vector","shape_type":"Polyline","feature_count":3219,"raster_object_type":"","row_count":0,"column_count":0,"coordinate_resolution":"","metadata_date":"2015-03-19 00:00:00.0","theme_keyword":"Moratorium, Paving Plan","place_keyword":"Portland, Oregon","horizontal_pos_acc_link":"Taxlots","ext_flag":"E","publication_date":"","access_constraints":"None","use_constraints":"These data are distributed uner the terms of the City of Portland Data Distribution Policy.","progress":"Complete                                ","north_bounding_coordinate":46.08065859    ,"south_bounding_coordinate":44.85462409    ,"east_bounding_coordinate":-121.65053671  ,"west_bounding_coordinate":-123.47121656  ,"horizontal_pos_accuracy":"","theme_keyword_thesaurus":"None                                    ","place_keyword_thesaurus":"None                                    ","source_dataset_type":"Personal Geodatabase","file_path":"","source_server_name":"","source_instance":"","source_database_name":"","source_feature_dataset_name":"","source_feature_class_name":"","source_user_name":"","source_password":"","category":"Transportation - Paving","grid_coord_system_name":"NAD_1983_HARN_StatePlane_Oregon_North_FIPS_3601_Feet_Intl","planar_distance_units":"International feet       ","horizontal_datum_name":"North American Datum of 1983\/1991 (HPGN)","distribution_liability":"The information in this file was derived from digital databases on the City of Portland GIS.  Care was taken in the creation of this file. The City cannot accept any responsibility for errors, omissions, or positional accuracy. There are no warranties, expressed or implied.","format_name":"Shapefile or File Geodatabase Feature Class - Data will be provided via City of Portland FTP Site.","online_network_resource_name":"http:\/\/CivicApps.org","online_access_instructions":"City of Portland Public\/Open Data is distributed via the CivicApps Site - http:\/\/CivicApps.org.  Data not available on the CivicApps site can be requested by contacting the City of Portland CGIS Group - maps@portlandoregon.gov","offline_media":"","offline_recording_format":"","transfer_size":"varies","spcs_zone_identifier":5076,"contact_name":"City of PDX","contact_phone":"503-823-4000","contact_fax":"503-823-4000","contact_email":"cgis@portlandoregon.gov","contact_organization":"City of Portland","contact_address":"1120 SW Fifth Avenue","contact_city":"Portland","contact_state":"OR","contact_zipcode":97201,"org_phone":"503 823-7700","org_fax":"503-823-7800","org_email":"cgis@portlandoregon.gov","db_type":"SDE","bureau":"Bureau of Transportation","bureau_desc":"PBOT","lineage":[],"files":[{"file_id":783,"file_name":"52855.png","file_type":"image\/png","file_desc":"","file_size":263436,"sort":"","emptybottomsort":1,"file_url":"http:\/\/dev.portlandmaps.com\/metadata\/index.cfm?action=DisplayFile&FileID=783"}],"tables":[{"layer_table_xref_id":806,"layer_id":52855,"table_id":52703,"table_name":"pavemoratorium","table_desc":"","table_jurisdiction":"","columns":[{"column_id":137365,"table_id":52703,"column_name":"ModifiedBy","column_alias":"","column_desc":"","column_length":30,"column_type_id":0,"sort":1,"column_type":"Unknown","emptybottomsort":0},{"column_id":137366,"table_id":52703,"column_name":"ModifiedOn","column_alias":"","column_desc":"","column_length":36,"column_type_id":4,"sort":1,"column_type":"Date","emptybottomsort":0},{"column_id":137367,"table_id":52703,"column_name":"ModifiedUsing","column_alias":"","column_desc":"","column_length":30,"column_type_id":4,"sort":1,"column_type":"Date","emptybottomsort":0},{"column_id":137368,"table_id":52703,"column_name":"Comments","column_alias":"","column_desc":"","column_length":255,"column_type_id":4,"sort":1,"column_type":"Date","emptybottomsort":0},{"column_id":137369,"table_id":52703,"column_name":"NonAssetID","column_alias":"","column_desc":"","column_length":15,"column_type_id":4,"sort":1,"column_type":"Date","emptybottomsort":0},{"column_id":137370,"table_id":52703,"column_name":"Status","column_alias":"","column_desc":"","column_length":14,"column_type_id":4,"sort":1,"column_type":"Date","emptybottomsort":0},{"column_id":137371,"table_id":52703,"column_name":"Owner","column_alias":"","column_desc":"","column_length":15,"column_type_id":4,"sort":1,"column_type":"Date","emptybottomsort":0},{"column_id":137372,"table_id":52703,"column_name":"MaintResp","column_alias":"","column_desc":"","column_length":15,"column_type_id":4,"sort":1,"column_type":"Date","emptybottomsort":0},{"column_id":137373,"table_id":52703,"column_name":"ImagePath","column_alias":"","column_desc":"","column_length":255,"column_type_id":4,"sort":1,"column_type":"Date","emptybottomsort":0},{"column_id":137374,"table_id":52703,"column_name":"StreetName","column_alias":"","column_desc":"","column_length":50,"column_type_id":4,"sort":1,"column_type":"Date","emptybottomsort":0},{"column_id":137375,"table_id":52703,"column_name":"FromStreet","column_alias":"","column_desc":"","column_length":50,"column_type_id":4,"sort":1,"column_type":"Date","emptybottomsort":0},{"column_id":137376,"table_id":52703,"column_name":"ToStreet","column_alias":"","column_desc":"","column_length":50,"column_type_id":4,"sort":1,"column_type":"Date","emptybottomsort":0},{"column_id":137378,"table_id":52703,"column_name":"MoratoriumEndDate","column_alias":"","column_desc":"","column_length":36,"column_type_id":4,"sort":1,"column_type":"Date","emptybottomsort":0},{"column_id":137381,"table_id":52703,"column_name":"ProjectNumber","column_alias":"","column_desc":"","column_length":12,"column_type_id":1,"sort":1,"column_type":"String","emptybottomsort":0},{"column_id":137383,"table_id":52703,"column_name":"ProjectOwner","column_alias":"","column_desc":"","column_length":4,"column_type_id":1,"sort":1,"column_type":"String","emptybottomsort":0},{"column_id":137384,"table_id":52703,"column_name":"Length","column_alias":"","column_desc":"","column_length":8,"column_type_id":2,"sort":1,"column_type":"Numeric","emptybottomsort":0},{"column_id":299596,"table_id":52703,"column_name":"ProjectType","column_alias":"","column_desc":"","column_length":12,"column_type_id":1,"sort":1,"column_type":"String","emptybottomsort":0},{"column_id":299597,"table_id":52703,"column_name":"ProposedFY","column_alias":"","column_desc":"","column_length":8,"column_type_id":1,"sort":1,"column_type":"String","emptybottomsort":0},{"column_id":299598,"table_id":52703,"column_name":"ProposedSeason","column_alias":"","column_desc":"","column_length":12,"column_type_id":1,"sort":1,"column_type":"String","emptybottomsort":0},{"column_id":299599,"table_id":52703,"column_name":"TreatmentDate","column_alias":"","column_desc":"","column_length":36,"column_type_id":4,"sort":1,"column_type":"Date","emptybottomsort":0},{"column_id":299600,"table_id":52703,"column_name":"WorkOrderNumber","column_alias":"","column_desc":"","column_length":8,"column_type_id":1,"sort":1,"column_type":"String","emptybottomsort":0},{"column_id":299601,"table_id":52703,"column_name":"UseType","column_alias":"","column_desc":"","column_length":10,"column_type_id":1,"sort":1,"column_type":"String","emptybottomsort":0},{"column_id":299602,"table_id":52703,"column_name":"ProposedRepair","column_alias":"","column_desc":"","column_length":10,"column_type_id":1,"sort":1,"column_type":"String","emptybottomsort":0}]}]}
