{"layer_id":52202,"title":"Urban Renewal Areas.shp","output_geodatabase":"EGH_Public","feature_dataset_name":"Stand-Alone","item_name":"urban_renewal_areas_pdx","category_id":50013,"bureau_id":9,"contact_id":50120,"common_id":50010,"db_type_id":50003,"originator":"City of Portland","resource_url":"","abstract":"Urban Renewal Areas for the City of Porltand, Oregon.  Maintained by Portland Development Commission","purpose":"","supplemental_information":"Urban renewal is a state-sanctioned program designed to help communities improve and redevelop areas that are physically deteriorated, unsafe, or poorly planned. The Portland Development Commission (PDC), the city's urban renewal agency, uses urban renewal as a tool to help specific areas of the city realize capital projects - parks, streetscape improvements, community centers, and the like - that would not happen on their own.","last_update_date":"2013-04-08 14:50:00.0","source_last_update_date":"2014-04-02 13:00:39.0","maint_update_frequency":"Continually","extent":"City of Portland, Multnomah County, Oregon","data_type":"Vector","shape_type":"Polygon","feature_count":18,"raster_object_type":"Grid cell","row_count":0,"column_count":0,"coordinate_resolution":"","metadata_date":"2014-05-25 00:00:00.0","theme_keyword":"Urban Renewal Areas","place_keyword":"Portland, Multnomah County, Oregon","horizontal_pos_acc_link":"Taxlots","ext_flag":"E","publication_date":"2006-01-01 00:00:00.0","access_constraints":"None","use_constraints":"These data are distributed uner the terms of the City of Portland Data Distribution Policy.","progress":"Complete                                ","north_bounding_coordinate":46.08065859    ,"south_bounding_coordinate":44.85462409    ,"east_bounding_coordinate":-121.65053671  ,"west_bounding_coordinate":-123.47121656  ,"horizontal_pos_accuracy":"","theme_keyword_thesaurus":"None                                    ","place_keyword_thesaurus":"None                                    ","source_dataset_type":"Shapefile","file_path":"","source_server_name":"","source_instance":"","source_database_name":"","source_feature_dataset_name":"","source_feature_class_name":"","source_user_name":"","source_password":"","category":"Development","grid_coord_system_name":"NAD_1983_HARN_StatePlane_Oregon_North_FIPS_3601_Feet_Intl","planar_distance_units":"International feet       ","horizontal_datum_name":"North American Datum of 1983\/1991 (HPGN)","distribution_liability":"The information in this file was derived from digital databases on the City of Portland GIS.  Care was taken in the creation of this file. The City cannot accept any responsibility for errors, omissions, or positional accuracy. There are no warranties, expressed or implied.","format_name":"Shapefile or File Geodatabase Feature Class - Data will be provided via City of Portland FTP Site.","online_network_resource_name":"http:\/\/CivicApps.org","online_access_instructions":"City of Portland Public\/Open Data is distributed via the CivicApps Site - http:\/\/CivicApps.org.  Data not available on the CivicApps site can be requested by contacting the City of Portland CGIS Group - maps@portlandoregon.gov","offline_media":"","offline_recording_format":"","transfer_size":"varies","spcs_zone_identifier":5076,"contact_name":"Robert Smith","contact_phone":"503 823-0411","contact_fax":"503 865-3796","contact_email":"SmithR@pdc.us","contact_organization":"Portland Development Commission","contact_address":"222 NW Fifth Avenue","contact_city":"Portland","contact_state":"OR","contact_zipcode":"97209-3859","org_phone":"503 823-3200","org_fax":"503 823-3368","org_email":"smithr@pdc.us","db_type":"SDE","bureau":"Bureau of Planning and Sustainability","bureau_desc":"BPS","lineage":[],"files":[{"file_id":219,"file_name":"52202.png","file_type":"image\/png","file_desc":"","file_size":309844,"sort":"","emptybottomsort":1,"file_url":"http:\/\/dev.portlandmaps.com\/metadata\/index.cfm?action=DisplayFile&FileID=219"}],"tables":[{"layer_table_xref_id":229,"layer_id":52202,"table_id":52128,"table_name":"urban_renewal_areas_pdx","table_desc":"","table_jurisdiction":"","columns":[{"column_id":55523,"table_id":52128,"column_name":"URA","column_alias":"","column_desc":"","column_length":30,"column_type_id":1,"sort":1,"column_type":"String","emptybottomsort":0},{"column_id":96336,"table_id":52128,"column_name":"ACRES","column_alias":"","column_desc":"","column_length":8,"column_type_id":2,"sort":1,"column_type":"Numeric","emptybottomsort":0}]}]}
